<?xml version="1.0" encoding="UTF-8"?>
<creatures>
  <creature name="Achad" type="monster" looktype="146" lookhead="93" lookbody="93" looklegs="57" lookfeet="97"/>
  <creature name="acolyte Of The Cult" type="monster" looktype="194" lookhead="114" lookbody="121" looklegs="121" lookfeet="57"/>
  <creature name="adept of the cult" type="monster" looktype="194" lookhead="114" lookbody="94" looklegs="94" lookfeet="57"/>
  <creature name="amazon" type="monster" looktype="137" lookhead="113" lookbody="120" looklegs="114" lookfeet="132"/>
  <creature name="ancient scarab" type="monster" looktype="79" lookhead="20" lookbody="30" looklegs="40" lookfeet="50"/>
  <creature name="Apocalypse" type="monster" looktype="12" lookhead="38" lookbody="114" lookfeet="94"/>
  <creature name="Apprentice Sheng" type="monster" looktype="23"/>
  <creature name="Arkhothep" type="monster" looktype="87"/>
  <creature name="Ashmunrah" type="monster" looktype="87" lookhead="20" lookbody="30" looklegs="40" lookfeet="50"/>
  <creature name="Assasin" type="monster" looktype="129" lookhead="95" lookbody="95" looklegs="95" lookfeet="95"/>
  <creature name="Assassin" type="monster" looktype="129"/>
  <creature name="Avalanche" type="monster" looktype="261"/>
  <creature name="Axeitus Headbanger" type="monster" looktype="71"/>
  <creature name="azure frog" type="monster" looktype="226" lookhead="69" lookbody="66" looklegs="69" lookfeet="66"/>
  <creature name="badger" type="monster" looktype="105" lookhead="20" lookbody="30" looklegs="40" lookfeet="50"/>
  <creature name="bandit" type="monster" looktype="129" lookhead="58" lookbody="59" looklegs="45" lookfeet="114"/>
  <creature name="banshee" type="monster" looktype="78" lookhead="20" lookbody="30" looklegs="40" lookfeet="50"/>
  <creature name="Barbarian Bloodwalker" type="monster" looktype="255" lookhead="114" lookbody="132" looklegs="132" lookfeet="132"/>
  <creature name="Barbarian Brutetamer" type="monster" looktype="264" lookhead="78" lookbody="116" looklegs="95" lookfeet="121"/>
  <creature name="Barbarian Headsplitter" type="monster" looktype="253" lookhead="115" lookbody="105" looklegs="119" lookfeet="132"/>
  <creature name="Barbarian Skullhunter" type="monster" looktype="254" lookbody="77" looklegs="77" lookfeet="114"/>
  <creature name="bat" type="monster" looktype="122" lookhead="20" lookbody="30" looklegs="40" lookfeet="50"/>
  <creature name="Bazir" type="monster" looktype="201"/>
  <creature name="bear" type="monster" looktype="16" lookhead="20" lookbody="30" looklegs="40" lookfeet="50"/>
  <creature name="behemoth" type="monster" looktype="55"/>
  <creature name="beholder" type="monster" looktype="17" lookhead="20" lookbody="30" looklegs="40" lookfeet="50"/>
  <creature name="betrayed wraith" type="monster" looktype="233"/>
  <creature name="black knight" type="monster" looktype="131" lookhead="95" lookbody="95" looklegs="95" lookfeet="95"/>
  <creature name="black sheep" type="monster" looktype="13" lookhead="20" lookbody="30" looklegs="40" lookfeet="50"/>
  <creature name="blightwalker" type="monster" looktype="246"/>
  <creature name="blood crab" type="monster" looktype="200"/>
  <creature name="Bloodpaw" type="monster" looktype="42" lookhead="20" lookbody="30" looklegs="40" lookfeet="50"/>
  <creature name="Blue Butterfly" type="monster" looktype="227"/>
  <creature name="blue djinn" type="monster" looktype="80" lookhead="20" lookbody="30" looklegs="40" lookfeet="50"/>
  <creature name="Bonebeast" type="monster" looktype="101"/>
  <creature name="Bones" type="monster" looktype="231"/>
  <creature name="Bovinus" type="monster" looktype="25" lookhead="20" lookbody="30" looklegs="40" lookfeet="50"/>
  <creature name="Braindeath" type="monster" looktype="256"/>
  <creature name="Brutus Bloodbeard" type="monster" looktype="98"/>
  <creature name="bug" type="monster" looktype="45" lookhead="20" lookbody="30" looklegs="40" lookfeet="50"/>
  <creature name="butterfly" type="monster" looktype="10" lookhead="20" lookbody="30" looklegs="40" lookfeet="50"/>
  <creature name="carniphila" type="monster" looktype="120" lookhead="20" lookbody="30" looklegs="40" lookfeet="50"/>
  <creature name="carrion worm" type="monster" looktype="192"/>
  <creature name="cave rat" type="monster" looktype="56" lookhead="20" lookbody="30" looklegs="40" lookfeet="50"/>
  <creature name="centipede" type="monster" looktype="124" lookhead="20" lookbody="30" looklegs="40" lookfeet="50"/>
  <creature name="Chakoya Toolshaper" type="monster" looktype="259"/>
  <creature name="Chakoya Tribewarden" type="monster" looktype="259"/>
  <creature name="Chakoya Windcaller" type="monster" looktype="260"/>
  <creature name="chicken" type="monster" looktype="111" lookhead="20" lookbody="30" looklegs="40" lookfeet="50"/>
  <creature name="CM Outfit" type="monster" looktype="266"/>
  <creature name="cobra" type="monster" looktype="81" lookhead="20" lookbody="30" looklegs="40" lookfeet="50"/>
  <creature name="Colerian The Barbarian" type="monster" looktype="253" lookhead="76" lookbody="115" looklegs="115" lookfeet="43"/>
  <creature name="coral frog" type="monster" looktype="226" lookhead="114" lookbody="98" looklegs="97" lookfeet="114"/>
  <creature name="Countess Sorrow" type="monster" looktype="241"/>
  <creature name="crab" type="monster" looktype="112" lookhead="20" lookbody="30" looklegs="40" lookfeet="50"/>
  <creature name="crimson frog" type="monster" looktype="226" lookhead="94" lookbody="78" looklegs="94" lookfeet="78"/>
  <creature name="crocodile" type="monster" looktype="119" lookhead="20" lookbody="30" looklegs="40" lookfeet="50"/>
  <creature name="crypt shambler" type="monster" looktype="100" lookhead="20" lookbody="30" looklegs="40" lookfeet="50"/>
  <creature name="Crystal Spider" type="monster" looktype="263"/>
  <creature name="Cursed Gladiator" type="monster" looktype="100"/>
  <creature name="cyclops" type="monster" looktype="22"/>
  <creature name="Darakan the Executioner" type="monster" looktype="255" lookhead="78" lookbody="114" looklegs="114" lookfeet="114"/>
  <creature name="dark monk" type="monster" looktype="225" lookhead="20" lookbody="30" looklegs="40" lookfeet="50"/>
  <creature name="dark torturer" type="monster" looktype="234"/>
  <creature name="Deadeye Devious" type="monster" looktype="151" lookhead="115" lookbody="76" looklegs="35" lookfeet="117"/>
  <creature name="Deathbringer" type="monster" looktype="231"/>
  <creature name="Deathslicer" type="monster" looktype="102"/>
  <creature name="deer" type="monster" looktype="31" lookhead="20" lookbody="30" looklegs="40" lookfeet="50"/>
  <creature name="defiler" type="monster" looktype="238"/>
  <creature name="Demodras" type="monster" looktype="204" lookhead="20" lookbody="30" looklegs="40" lookfeet="50"/>
  <creature name="Demon" type="monster" looktype="35"/>
  <creature name="Demon (Goblin)" type="monster" looktype="35"/>
  <creature name="demon skeleton" type="monster" looktype="37" lookhead="20" lookbody="30" looklegs="40" lookfeet="50"/>
  <creature name="destroyer" type="monster" looktype="236"/>
  <creature name="Dharalion" type="monster" looktype="203" lookhead="20" lookbody="30" looklegs="40" lookfeet="50"/>
  <creature name="diabolic imp" type="monster" looktype="237"/>
  <creature name="Dipthrah" type="monster" looktype="87" lookhead="20" lookbody="30" looklegs="40" lookfeet="50"/>
  <creature name="Dire Penguin" type="monster" looktype="250"/>
  <creature name="dog" type="monster" looktype="32" lookhead="20" lookbody="30" looklegs="40" lookfeet="50"/>
  <creature name="Dracola" type="monster" looktype="231"/>
  <creature name="dragon" type="monster" looktype="34" lookhead="20" lookbody="30" looklegs="40" lookfeet="50"/>
  <creature name="dragon lord" type="monster" looktype="39" lookhead="20" lookbody="30" looklegs="40" lookfeet="50"/>
  <creature name="Drasilla" type="monster" looktype="34" lookhead="20" lookbody="30" looklegs="40" lookfeet="50"/>
  <creature name="dwarf" type="monster" looktype="69" lookhead="20" lookbody="30" looklegs="40" lookfeet="50"/>
  <creature name="dwarf geomancer" type="monster" looktype="66" lookhead="20" lookbody="30" looklegs="40" lookfeet="50"/>
  <creature name="dwarf guard" type="monster" looktype="70" lookhead="20" lookbody="30" looklegs="40" lookfeet="50"/>
  <creature name="dwarf soldier" type="monster" looktype="71" lookhead="20" lookbody="30" looklegs="40" lookfeet="50"/>
  <creature name="dworc fleshhunter" type="monster" looktype="215" lookhead="20" lookbody="30" looklegs="40" lookfeet="50"/>
  <creature name="dworc venomsniper" type="monster" looktype="216" lookhead="20" lookbody="30" looklegs="40" lookfeet="50"/>
  <creature name="dworc voodoomaster" type="monster" looktype="214" lookhead="20" lookbody="30" looklegs="40" lookfeet="50"/>
  <creature name="efreet" type="monster" looktype="103" lookhead="20" lookbody="30" looklegs="40" lookfeet="50"/>
  <creature name="elder beholder" type="monster" looktype="108" lookhead="20" lookbody="30" looklegs="40" lookfeet="50"/>
  <creature name="elephant" type="monster" looktype="211" lookhead="20" lookbody="30" looklegs="40" lookfeet="50"/>
  <creature name="Elf" type="monster" looktype="62" lookhead="20" lookbody="30" looklegs="40" lookfeet="50"/>
  <creature name="Elf Arcanist" type="monster" looktype="63" lookhead="20" lookbody="30" looklegs="40" lookfeet="50"/>
  <creature name="Elf Scout" type="monster" looktype="64" lookhead="20" lookbody="30" looklegs="40" lookfeet="50"/>
  <creature name="enlightened of the cult" type="monster" looktype="193"/>
  <creature name="Fallen Mooh'tah Master Ghar" type="monster" looktype="29" lookhead="20" lookbody="30" looklegs="40" lookfeet="50"/>
  <creature name="Fernfang" type="monster" looktype="206" lookhead="20" lookbody="30" looklegs="40" lookfeet="50"/>
  <creature name="Ferumbras" type="monster" looktype="229" lookhead="20" lookbody="30" looklegs="40" lookfeet="50"/>
  <creature name="fire devil" type="monster" looktype="40" lookhead="20" lookbody="30" looklegs="40" lookfeet="50"/>
  <creature name="fire elemental" type="monster" looktype="49"/>
  <creature name="Flamethrower" type="monster"/>
  <creature name="flamingo" type="monster" looktype="212" lookhead="20" lookbody="30" looklegs="40" lookfeet="50"/>
  <creature name="Fluffy" type="monster" looktype="240"/>
  <creature name="Freegoiz" type="monster" looktype="110"/>
  <creature name="Frost Dragon" type="monster" looktype="248" lookhead="20" lookbody="30" looklegs="40" lookfeet="50"/>
  <creature name="Frost Giant" type="monster" looktype="257" lookhead="20" lookbody="30" looklegs="40" lookfeet="50"/>
  <creature name="Frost Giantess" type="monster" looktype="265" lookhead="20" lookbody="30" looklegs="40" lookfeet="50"/>
  <creature name="frost troll" type="monster" looktype="53" lookhead="20" lookbody="30" looklegs="40" lookfeet="50"/>
  <creature name="Frostfur" type="monster" looktype="52" lookhead="20" lookbody="30" looklegs="40" lookfeet="50"/>
  <creature name="fury" type="monster" looktype="149" lookhead="94" lookbody="77" looklegs="96"/>
  <creature name="gargoyle" type="monster" looktype="95" lookhead="20" lookbody="30" looklegs="40" lookfeet="50"/>
  <creature name="gazer" type="monster" looktype="109" lookhead="20" lookbody="30" looklegs="40" lookfeet="50"/>
  <creature name="General Murius" type="monster" looktype="202" lookhead="20" lookbody="30" looklegs="40" lookfeet="50"/>
  <creature name="Ghazbaran" type="monster" looktype="12" lookbody="123" looklegs="97" lookfeet="94"/>
  <creature name="ghost" type="monster" looktype="48" lookhead="20" lookbody="30" looklegs="40" lookfeet="50"/>
  <creature name="ghoul" type="monster" looktype="18" lookhead="20" lookbody="30" looklegs="40" lookfeet="50"/>
  <creature name="giant spider" type="monster" looktype="38"/>
  <creature name="Gnorre Chyllson" type="monster" looktype="251" lookhead="11" lookbody="9" looklegs="11" lookfeet="85"/>
  <creature name="goblin" type="monster" looktype="61" lookhead="20" lookbody="30" looklegs="40" lookfeet="50"/>
  <creature name="green djinn" type="monster" looktype="51" lookhead="20" lookbody="30" looklegs="40" lookfeet="50"/>
  <creature name="green frog" type="monster" looktype="224" lookhead="69" lookbody="66" looklegs="69" lookfeet="66"/>
  <creature name="Grimgor Guteater" type="monster" looktype="2" lookhead="20" lookbody="30" looklegs="40" lookfeet="50"/>
  <creature name="Grorlam" type="monster" looktype="205" lookhead="20" lookbody="30" looklegs="40" lookfeet="50"/>
  <creature name="Grynch Clan Goblin" type="monster" looktype="61" lookhead="20" lookbody="30" looklegs="40" lookfeet="50"/>
  <creature name="Hacker" type="monster" looktype="8" lookhead="20" lookbody="30" looklegs="40" lookfeet="50"/>
  <creature name="hand of cursed fate" type="monster" looktype="230"/>
  <creature name="hellfire fighter" type="monster" looktype="243"/>
  <creature name="hellhound" type="monster" looktype="240"/>
  <creature name="hero" type="monster" looktype="73" lookhead="20" lookbody="30" looklegs="40" lookfeet="50"/>
  <creature name="hunter" type="monster" looktype="129" lookhead="95" lookbody="116" looklegs="121" lookfeet="115"/>
  <creature name="Husky" type="monster" looktype="258"/>
  <creature name="hyaena" type="monster" looktype="94" lookhead="20" lookbody="30" looklegs="40" lookfeet="50"/>
  <creature name="hydra" type="monster" looktype="121" lookhead="20" lookbody="30" looklegs="40" lookfeet="50"/>
  <creature name="Ice Golem" type="monster" looktype="261" lookhead="20" lookbody="30" looklegs="40" lookfeet="50"/>
  <creature name="Ice Witch" type="monster" looktype="149" lookbody="47" looklegs="105" lookfeet="105"/>
  <creature name="Infernatil" type="monster" looktype="201"/>
  <creature name="Island troll" type="monster" looktype="15" lookhead="20" lookbody="30" looklegs="40" lookfeet="50"/>
  <creature name="juggernaut" type="monster" looktype="244"/>
  <creature name="Jungle Maw" type="monster" looktype="120"/>
  <creature name="kongra" type="monster" looktype="116" lookhead="20" lookbody="30" looklegs="40" lookfeet="50"/>
  <creature name="Kreebosh the Exile" type="monster" looktype="103"/>
  <creature name="larva" type="monster" looktype="82" lookhead="20" lookbody="30" looklegs="40" lookfeet="50"/>
  <creature name="Lavahole" type="monster" lookitem="389"/>
  <creature name="Lethal Lissy" type="monster" looktype="155" lookhead="77" looklegs="76" lookfeet="132"/>
  <creature name="Lich" type="monster" looktype="99" lookhead="95" lookbody="116" looklegs="119" lookfeet="115"/>
  <creature name="lion" type="monster" looktype="41" lookhead="20" lookbody="30" looklegs="40" lookfeet="50"/>
  <creature name="lizard sentinel" type="monster" looktype="114" lookhead="20" lookbody="30" looklegs="40" lookfeet="50"/>
  <creature name="lizard snakecharmer" type="monster" looktype="115" lookhead="20" lookbody="30" looklegs="40" lookfeet="50"/>
  <creature name="lizard templar" type="monster" looktype="113" lookhead="20" lookbody="30" looklegs="40" lookfeet="50"/>
  <creature name="lost soul" type="monster" looktype="232"/>
  <creature name="Magic Pillar" type="monster" lookitem="1551"/>
  <creature name="Magicthrower" type="monster" lookitem="1560"/>
  <creature name="Mahrdis" type="monster" looktype="90" lookhead="20" lookbody="30" looklegs="40" lookfeet="50"/>
  <creature name="mammoth" type="monster" looktype="199"/>
  <creature name="marid" type="monster" looktype="104" lookhead="20" lookbody="30" looklegs="40" lookfeet="50"/>
  <creature name="Massive Water Elemental" type="monster" looktype="11"/>
  <creature name="merlkin" type="monster" looktype="117" lookhead="20" lookbody="30" looklegs="40" lookfeet="50"/>
  <creature name="Mimic" type="monster" looktype="92" lookhead="20" lookbody="30" looklegs="40" lookfeet="50"/>
  <creature name="Minishabaal" type="monster" looktype="237"/>
  <creature name="minotaur" type="monster" looktype="25" lookhead="20" lookbody="30" looklegs="40" lookfeet="50"/>
  <creature name="minotaur archer" type="monster" looktype="24" lookhead="20" lookbody="30" looklegs="40" lookfeet="50"/>
  <creature name="minotaur guard" type="monster" looktype="29" lookhead="20" lookbody="30" looklegs="40" lookfeet="50"/>
  <creature name="minotaur mage" type="monster" looktype="23" lookhead="20" lookbody="30" looklegs="40" lookfeet="50"/>
  <creature name="monk" type="monster" looktype="57" lookhead="20" lookbody="30" looklegs="40" lookfeet="50"/>
  <creature name="Morgaroth" type="monster" looktype="12" lookbody="94" looklegs="79" lookfeet="79"/>
  <creature name="morguthis" type="monster" looktype="90" lookhead="20" lookbody="30" looklegs="40" lookfeet="50"/>
  <creature name="Mr. Punish" type="monster" looktype="234"/>
  <creature name="mummy" type="monster" looktype="65" lookhead="20" lookbody="30" looklegs="40" lookfeet="50"/>
  <creature name="Munster" type="monster" looktype="56"/>
  <creature name="necromancer" type="monster" looktype="9" lookhead="20" lookbody="30" looklegs="40" lookfeet="50"/>
  <creature name="Necropharus" type="monster" looktype="209" lookhead="20" lookbody="30" looklegs="40" lookfeet="50"/>
  <creature name="nightmare" type="monster" looktype="245"/>
  <creature name="nomad" type="monster" looktype="146" lookhead="114" lookbody="20" looklegs="22" lookfeet="2"/>
  <creature name="Norgle Glacierbeard" type="monster" looktype="257" lookhead="20" lookbody="30" looklegs="40" lookfeet="50"/>
  <creature name="Norseman Female Outfit" type="monster" looktype="252"/>
  <creature name="Norseman Male Outfit" type="monster" looktype="251"/>
  <creature name="Novice Of The Cult" type="monster" looktype="133" lookhead="114" lookbody="95" looklegs="114" lookfeet="114"/>
  <creature name="Omruc" type="monster" looktype="90" lookhead="20" lookbody="30" looklegs="40" lookfeet="50"/>
  <creature name="orc" type="monster" looktype="5"/>
  <creature name="orc berserker" type="monster" looktype="8" lookhead="20" lookbody="30" looklegs="40" lookfeet="50"/>
  <creature name="orc leader" type="monster" looktype="59" lookhead="20" lookbody="30" looklegs="40" lookfeet="50"/>
  <creature name="orc rider" type="monster" looktype="4" lookhead="20" lookbody="30" looklegs="40" lookfeet="50"/>
  <creature name="orc shaman" type="monster" looktype="6"/>
  <creature name="orc spearman" type="monster" looktype="50" lookhead="20" lookbody="30" looklegs="40" lookfeet="50"/>
  <creature name="orc warlord" type="monster" looktype="2" lookhead="20" lookbody="30" looklegs="40" lookfeet="50"/>
  <creature name="orc warrior" type="monster" looktype="7" lookhead="20" lookbody="30" looklegs="40" lookfeet="50"/>
  <creature name="orchid frog" type="monster" looktype="226" lookhead="109" lookbody="14" looklegs="109" lookfeet="114"/>
  <creature name="Orcus the Cruel" type="monster" looktype="59" lookhead="20" lookbody="30" looklegs="40" lookfeet="50"/>
  <creature name="Orshabaal" type="monster" looktype="201"/>
  <creature name="Panda" type="monster" looktype="123" lookhead="20" lookbody="30" looklegs="40" lookfeet="50"/>
  <creature name="Parrot" type="monster" looktype="217" lookhead="20" lookbody="30" looklegs="40" lookfeet="50"/>
  <creature name="Penguin" type="monster" looktype="250"/>
  <creature name="phantasm" type="monster" looktype="241" lookhead="20"/>
  <creature name="pig" type="monster" looktype="60" lookhead="20" lookbody="30" looklegs="40" lookfeet="50"/>
  <creature name="pirate Buccaneer" type="monster" looktype="97"/>
  <creature name="pirate Corsair" type="monster" looktype="98"/>
  <creature name="pirate cutthroat" type="monster" looktype="96"/>
  <creature name="pirate ghost" type="monster" looktype="196"/>
  <creature name="pirate marauder" type="monster" looktype="93"/>
  <creature name="pirate skeleton" type="monster" looktype="195"/>
  <creature name="plaguesmith" type="monster" looktype="247"/>
  <creature name="Plaguethrower" type="monster"/>
  <creature name="poison spider" type="monster" looktype="36"/>
  <creature name="Poisonthrower" type="monster"/>
  <creature name="polar bear" type="monster" looktype="42" lookhead="20" lookbody="30" looklegs="40" lookfeet="50"/>
  <creature name="priestess" type="monster" looktype="58" lookhead="20" lookbody="30" looklegs="40" lookfeet="50"/>
  <creature name="Primitive" type="monster" looktype="143" lookhead="1" lookbody="1" looklegs="1" lookfeet="1"/>
  <creature name="quara constrictor" type="monster" looktype="46"/>
  <creature name="Quara Constrictor Scout" type="monster" looktype="130"/>
  <creature name="quara hydromancer" type="monster" looktype="47"/>
  <creature name="Quara Hydromancer Scout" type="monster" looktype="130"/>
  <creature name="quara mantassin" type="monster" looktype="72"/>
  <creature name="Quara Mantassin Scout" type="monster" looktype="72"/>
  <creature name="quara pincher" type="monster" looktype="77"/>
  <creature name="Quara Pincher Scout" type="monster" looktype="77"/>
  <creature name="quara predator" type="monster" looktype="20"/>
  <creature name="Quara Predator Scout" type="monster" looktype="20"/>
  <creature name="rabbit" type="monster" looktype="74" lookhead="20" lookbody="30" looklegs="40" lookfeet="50"/>
  <creature name="Rahemos" type="monster" looktype="87" lookhead="20" lookbody="30" looklegs="40" lookfeet="50"/>
  <creature name="rat" type="monster" looktype="21" lookhead="20" lookbody="30" looklegs="40" lookfeet="50"/>
  <creature name="Red Butterfly" type="monster" looktype="228"/>
  <creature name="Rocky" type="monster" looktype="95" lookhead="20" lookbody="30" looklegs="40" lookfeet="50"/>
  <creature name="rotworm" type="monster" looktype="26" lookhead="20" lookbody="30" looklegs="40" lookfeet="50"/>
  <creature name="scarab" type="monster" looktype="83" lookhead="20" lookbody="30" looklegs="40" lookfeet="50"/>
  <creature name="scorpion" type="monster" looktype="43" lookhead="20" lookbody="30" looklegs="40" lookfeet="50"/>
  <creature name="Seagull" type="monster" looktype="223" lookhead="20" lookbody="30" looklegs="40" lookfeet="50"/>
  <creature name="serpent spawn" type="monster" looktype="220" lookhead="20" lookbody="30" looklegs="40" lookfeet="50"/>
  <creature name="sheep" type="monster" looktype="14" lookhead="20" lookbody="30" looklegs="40" lookfeet="50"/>
  <creature name="Shredderthrower" type="monster"/>
  <creature name="sibang" type="monster" looktype="118" lookhead="20" lookbody="30" looklegs="40" lookfeet="50"/>
  <creature name="Silver Rabbit" type="monster" looktype="262" lookhead="69" lookbody="66" looklegs="69" lookfeet="66"/>
  <creature name="skeleton" type="monster" looktype="33" lookhead="20" lookbody="30" looklegs="40" lookfeet="50"/>
  <creature name="skunk" type="monster" looktype="106" lookhead="20" lookbody="30" looklegs="40" lookfeet="50"/>
  <creature name="Slim" type="monster" looktype="101" lookhead="20" lookbody="30" looklegs="40" lookfeet="50"/>
  <creature name="slime" type="monster" looktype="19" lookhead="20" lookbody="30" looklegs="40" lookfeet="50"/>
  <creature name="slime2" type="monster" looktype="19" lookhead="20" lookbody="30" looklegs="40" lookfeet="50"/>
  <creature name="smuggler" type="monster" looktype="134" lookhead="95" looklegs="113" lookfeet="115"/>
  <creature name="snake" type="monster" looktype="28" lookhead="20" lookbody="30" looklegs="40" lookfeet="50"/>
  <creature name="Son of Verminor" type="monster" looktype="19"/>
  <creature name="Son the Ripper" type="monster" looktype="151" lookhead="95" lookbody="94" looklegs="117" lookfeet="97"/>
  <creature name="spectre" type="monster" looktype="235" lookhead="20"/>
  <creature name="spider" type="monster" looktype="30" lookhead="20" lookbody="30" looklegs="40" lookfeet="50"/>
  <creature name="Spirit of Earth" type="monster" looktype="67" lookhead="20" lookbody="30" looklegs="40" lookfeet="50"/>
  <creature name="Spirit of Fire" type="monster" looktype="242"/>
  <creature name="Spirit of Water" type="monster" looktype="11" lookhead="20" lookbody="30" looklegs="40" lookfeet="50"/>
  <creature name="spit nettle" type="monster" looktype="221" lookhead="20" lookbody="30" looklegs="40" lookfeet="50"/>
  <creature name="stalker" type="monster" looktype="128" lookhead="95" lookbody="116" looklegs="95" lookfeet="114"/>
  <creature name="stone golem" type="monster" looktype="67" lookhead="20" lookbody="30" looklegs="40" lookfeet="50"/>
  <creature name="Svoren the Mad" type="monster" looktype="254" lookhead="80" lookbody="99" looklegs="118" lookfeet="38"/>
  <creature name="swamp troll" type="monster" looktype="76" lookhead="20" lookbody="30" looklegs="40" lookfeet="50"/>
  <creature name="tarantula" type="monster" looktype="219" lookhead="20" lookbody="30" looklegs="40" lookfeet="50"/>
  <creature name="terror bird" type="monster" looktype="218" lookhead="20" lookbody="30" looklegs="40" lookfeet="50"/>
  <creature name="Thalas" type="monster" looktype="90" lookhead="20" lookbody="30" looklegs="40" lookfeet="50"/>
  <creature name="The Dark Dancer" type="monster" looktype="58"/>
  <creature name="The Evil Eye" type="monster" looktype="210" lookhead="20" lookbody="30" looklegs="40" lookfeet="50"/>
  <creature name="The Hag" type="monster" looktype="264" lookhead="78" lookbody="97" looklegs="95" lookfeet="95"/>
  <creature name="The Hairy One" type="monster" looktype="116"/>
  <creature name="The Halloween Hare" type="monster" looktype="74"/>
  <creature name="The Handmaiden" type="monster" looktype="230"/>
  <creature name="The Horned Fox" type="monster" looktype="202"/>
  <creature name="The Imperor" type="monster" looktype="237"/>
  <creature name="The Masked Marauder" type="monster" looktype="234"/>
  <creature name="The Obliverator" type="monster" looktype="35" lookhead="20" lookbody="30" looklegs="40" lookfeet="50"/>
  <creature name="The Old Widow" type="monster" looktype="208" lookhead="20" lookbody="30" looklegs="40" lookfeet="50"/>
  <creature name="The Pit Lord" type="monster" looktype="55" lookhead="20" lookbody="30" looklegs="40" lookfeet="50"/>
  <creature name="The Plasmother" type="monster" looktype="238"/>
  <creature name="The Ruthless Herald" type="monster" looktype="237"/>
  <creature name="thornback tortoise" type="monster" looktype="198"/>
  <creature name="Thul" type="monster" looktype="46"/>
  <creature name="Tibia Bug" type="monster" looktype="45" lookhead="20" lookbody="30" looklegs="40" lookfeet="50"/>
  <creature name="tiger" type="monster" looktype="125" lookhead="20" lookbody="30" looklegs="40" lookfeet="50"/>
  <creature name="Tiquandas Revenge" type="monster" looktype="120"/>
  <creature name="toad" type="monster" looktype="222"/>
  <creature name="Tortoise" type="monster" looktype="197"/>
  <creature name="troll" type="monster" looktype="15" lookhead="20" lookbody="30" looklegs="40" lookfeet="50"/>
  <creature name="undead dragon" type="monster" looktype="231"/>
  <creature name="Undead Minion" type="monster" looktype="37" lookhead="20" lookbody="30" looklegs="40" lookfeet="50"/>
  <creature name="valkyrie" type="monster" looktype="139" lookhead="113" lookbody="57" looklegs="95" lookfeet="113"/>
  <creature name="vampire" type="monster" looktype="68" lookhead="20" lookbody="30" looklegs="40" lookfeet="50"/>
  <creature name="Vashresamun" type="monster" looktype="90" lookhead="20" lookbody="30" looklegs="40" lookfeet="50"/>
  <creature name="Verminor" type="monster" looktype="201"/>
  <creature name="war wolf" type="monster" looktype="3" lookhead="20" lookbody="30" looklegs="40" lookfeet="50"/>
  <creature name="warlock" type="monster" looktype="130" lookhead="19" lookbody="71" looklegs="128" lookfeet="128"/>
  <creature name="wasp" type="monster" looktype="44" lookhead="20" lookbody="30" looklegs="40" lookfeet="50"/>
  <creature name="water elemental" type="monster" looktype="11" lookhead="20" lookbody="30" looklegs="40" lookfeet="50"/>
  <creature name="Webster" type="monster" looktype="263"/>
  <creature name="wild warrior" type="monster" looktype="131" lookhead="57" lookbody="57" looklegs="57" lookfeet="57"/>
  <creature name="winter wolf" type="monster" looktype="52" lookhead="20" lookbody="30" looklegs="40" lookfeet="50"/>
  <creature name="witch" type="monster" looktype="54" lookhead="20" lookbody="30" looklegs="40" lookfeet="50"/>
  <creature name="wolf" type="monster" looktype="27" lookhead="20" lookbody="30" looklegs="40" lookfeet="50"/>
  <creature name="wyvern" type="monster" looktype="239"/>
  <creature name="Yakchal" type="monster" looktype="149"/>
  <creature name="Yellow Butterfly" type="monster" looktype="10"/>
  <creature name="Yeti" type="monster" looktype="110" lookhead="20" lookbody="30" looklegs="40" lookfeet="50"/>
</creatures>
