<materials>
	<!-- DOODAD -->
	<brush name="grass tufts" type="doodad" server_lookid="6216" draggable="true" on_blocking="false" thickness="25/100">
		<item id="6216" chance="10"/>
		<item id="6217" chance="10"/>
		<item id="6218" chance="10"/>
		<item id="6219" chance="10"/>
	</brush>
	
	<brush name="green trees" type="doodad" server_lookid="2707" draggable="true" on_blocking="false" thickness="12/100">
		<item id="2700" chance="10"/>
		<item id="2701" chance="10"/>
		<item id="2702" chance="10"/>
		<item id="2703" chance="10"/>
		<item id="2705" chance="10"/>
		<item id="2707" chance="10"/>
		<item id="2708" chance="10"/>
		<item id="2711" chance="10"/>
	</brush>
	
	<brush name="dead trees" type="doodad" server_lookid="2720" draggable="true" on_blocking="false" thickness="12/100">
		<item id="2709" chance="10"/>
		<item id="2710" chance="10"/>
		<item id="2717" chance="10"/>
		<item id="2718" chance="10"/>
		<item id="2719" chance="10"/>
		<item id="2720" chance="10"/>
		<item id="2722" chance="10"/>
		<composite chance="10">
			<tile x="0" y="0"> <item id="2713"/> </tile>
			<tile x="1" y="0"> <item id="2714"/> </tile>
		</composite>
		<composite chance="10">
			<tile x="0" y="0"> <item id="2715"/> </tile>
			<tile x="1" y="0"> <item id="2716"/> </tile>
		</composite>
	</brush>
	
	<brush name="snowy dead trees" type="doodad" server_lookid="7022" draggable="true" on_blocking="false" thickness="12/100">
		<item id="7022" chance="10"/>
		<item id="7021" chance="10"/>
		<item id="7020" chance="10"/>
		<item id="2697" chance="10"/>
	</brush>
	
	<brush name="snowy alive trees" type="doodad" server_lookid="2698" draggable="true" on_blocking="false" thickness="12/100">
		<item id="7023" chance="10"/>
		<item id="2698" chance="10"/>
	</brush>
	
	<brush name="snowy trees" type="doodad" server_lookid="7023" draggable="true" on_blocking="false" thickness="12/100">
		<item id="7023" chance="14"/>
		<item id="2698" chance="14"/>
		<item id="7022" chance="10"/>
		<item id="7021" chance="10"/>
		<item id="7020" chance="10"/>
		<item id="2697" chance="10"/>
	</brush>
	
	<brush name="trees" type="doodad" server_lookid="2703" draggable="true" on_blocking="false" thickness="12/100">
		<item id="2700" chance="10"/>
		<item id="2701" chance="10"/>
		<item id="2702" chance="10"/>
		<item id="2703" chance="10"/>
		<item id="2704" chance="10"/>
		<item id="2705" chance="10"/>
		<item id="2706" chance="10"/>
		<item id="2707" chance="10"/>
		<item id="2708" chance="10"/>
		<item id="2711" chance="10"/>
		<item id="2702" chance="10"/>
	</brush>
	
	<brush name="gray rocks" type="doodad" server_lookid="1285" draggable="true" on_blocking="true" thickness="15/100">
		<item id="1285" chance="15"/>
		<item id="1356" chance="15"/>
		<item id="1304" chance="15"/>
		<item id="3607" chance="12"/>
		<item id="3608" chance="12"/>
		<item id="3615" chance="12"/>
		<item id="3616" chance="10"/>
		<composite chance="10">
			<tile x="0" y="0"> <item id="1305"/> </tile>
			<tile x="1" y="0"> <item id="1306"/> </tile>
		</composite>
		<composite chance="4">
			<tile x="0" y="0"> <item id="1289"/> </tile>
			<tile x="1" y="0"> <item id="1288"/> </tile>
			<tile x="0" y="1"> <item id="1287"/> </tile>
			<tile x="1" y="1"> <item id="1286"/> </tile>
		</composite>
		<composite chance="4">
			<tile x="0" y="0"> <item id="1296"/> </tile>
			<tile x="1" y="0"> <item id="1297"/> </tile>
			<tile x="0" y="1"> <item id="1298"/> </tile>
			<tile x="1" y="1"> <item id="1299"/> </tile>
		</composite>
		<composite chance="4">
			<tile x="0" y="0"> <item id="1300"/> </tile>
			<tile x="1" y="0"> <item id="1301"/> </tile>
			<tile x="0" y="1"> <item id="1302"/> </tile>
			<tile x="1" y="1"> <item id="1303"/> </tile>
		</composite>
		<composite chance="4">
			<tile x="0" y="0"> <item id="3624"/> </tile>
			<tile x="1" y="0"> <item id="3625"/> </tile>
			<tile x="0" y="1"> <item id="3626"/> </tile>
			<tile x="1" y="1"> <item id="3627"/> </tile>
		</composite>
		<composite chance="4">
			<tile x="0" y="0"> <item id="3617"/> </tile>
			<tile x="1" y="0"> <item id="3618"/> </tile>
			<tile x="0" y="1"> <item id="3619"/> </tile>
			<tile x="1" y="1"> <item id="3620"/> </tile>
		</composite>
		<composite chance="4">
			<tile x="0" y="0"> <item id="3628"/> </tile>
			<tile x="1" y="0"> <item id="3629"/> </tile>
			<tile x="0" y="1"> <item id="3630"/> </tile>
			<tile x="1" y="1"> <item id="3631"/> </tile>
		</composite>
		<composite chance="10">
			<tile x="0" y="0"> <item id="1305"/> </tile>
			<tile x="1" y="0"> <item id="1306"/> </tile>
		</composite>
	</brush>
	
	<brush name="small rocks" type="doodad" server_lookid="3610" draggable="true" on_blocking="true" thickness="25/100">
		<!-- <item id="3607" chance="10"/> -->
		<!-- <item id="3608" chance="10"/> -->
		<!-- <item id="3609" chance="10"/> -->
		<item id="3610" chance="10"/>
		<item id="3611" chance="10"/>
		<item id="3612" chance="10"/>
		<item id="3613" chance="10"/>
		<item id="3614" chance="10"/>
		<item id="3621" chance="10"/>
		<item id="3622" chance="10"/>
		<item id="3623" chance="10"/>
		<!-- <item id="3665" chance="10"/> -->
	</brush>
	
	<brush name="debris" type="doodad" server_lookid="3648" draggable="true" on_blocking="true" thickness="25/100">
		<item id="3648" chance="10"/>
		<item id="3649" chance="10"/>
		<item id="3650" chance="10"/>
		<item id="3651" chance="10"/>
		<item id="3652" chance="10"/>
		<item id="3653" chance="10"/>
		<item id="3654" chance="10"/>
		<item id="3655" chance="10"/>
		<item id="3656" chance="10"/>
		<item id="3669" chance="10"/>
		<item id="3666" chance="10"/>
		<item id="3667" chance="10"/>
		<item id="3668" chance="10"/>
		<item id="3670" chance="10"/>
	</brush>
	
	<brush name="weird shaped stones" type="doodad" server_lookid="3665" draggable="true" on_blocking="true" thickness="12/100">
		<composite chance="10">
			<tile x="0" y="0"> <item id="3657"/> </tile>
			<tile x="1" y="0"> <item id="3658"/> </tile>
		</composite>
		<composite chance="10">
			<tile x="0" y="0"> <item id="3659"/> </tile>
			<tile x="0" y="1"> <item id="3660"/> </tile>
		</composite>
		<composite chance="10">
			<tile x="0" y="0"> <item id="3661"/> </tile>
			<tile x="0" y="1"> <item id="3662"/> </tile>
		</composite>
		<composite chance="10">
			<tile x="0" y="0"> <item id="3663"/> </tile>
			<tile x="1" y="0"> <item id="3664"/> </tile>
		</composite>
	</brush>
	
	<brush name="brown rocks" type="doodad" server_lookid="1358" draggable="true" on_blocking="true" thickness="12/100">
		<item id="1358" chance="10"/>
		<item id="1359" chance="10"/>
		<item id="1290" chance="10"/>
		<composite chance="4">
			<tile x="0" y="0"> <item id="1292"/> </tile>
			<tile x="1" y="0"> <item id="1291"/> </tile>
		</composite>
	</brush>
	
	<brush name="mossy rocks" type="doodad" server_lookid="3632" draggable="true" on_blocking="true" thickness="13/100">
		<item id="3632" chance="10"/>
		<item id="3633" chance="10"/>
		<item id="3634" chance="10"/>
		<item id="3635" chance="10"/>
		<composite chance="10">
			<tile x="0" y="0"> <item id="3636"/> </tile>
			<tile x="1" y="0"> <item id="3637"/> </tile>
			<tile x="0" y="1"> <item id="3638"/> </tile>
			<tile x="1" y="1"> <item id="3639"/> </tile>
		</composite>
		<composite chance="10">
			<tile x="0" y="0"> <item id="3640"/> </tile>
			<tile x="1" y="0"> <item id="3641"/> </tile>
			<tile x="0" y="1"> <item id="3642"/> </tile>
			<tile x="1" y="1"> <item id="3643"/> </tile>
		</composite>
		<composite chance="10">
			<tile x="0" y="0"> <item id="3644"/> </tile>
			<tile x="1" y="0"> <item id="3645"/> </tile>
			<tile x="0" y="1"> <item id="3646"/> </tile>
			<tile x="1" y="1"> <item id="3647"/> </tile>
		</composite>
	</brush>
	
	<brush name="gray rubble" type="doodad" server_lookid="1330" draggable="true" on_blocking="true" thickness="15/100">
		<item id="1330" chance="10"/>
		<composite chance="10">
			<tile x="0" y="0"> <item id="1331"/> </tile>
			<tile x="1" y="0"> <item id="1332"/> </tile>
		</composite>
		<composite chance="10">
			<tile x="0" y="0"> <item id="1333"/> </tile>
			<tile x="0" y="1"> <item id="1334"/> </tile>
		</composite>
	</brush>
	
	<brush name="rough gray rubble" type="doodad" server_lookid="1309" draggable="true" on_blocking="true" thickness="15/100">
		<item id="1309" chance="10"/>
		<composite chance="10">
			<tile x="0" y="0"> <item id="1312"/> </tile>
			<tile x="0" y="1"> <item id="1313"/> </tile>
		</composite>
		<composite chance="10">
			<tile x="0" y="0"> <item id="1310"/> </tile>
			<tile x="1" y="0"> <item id="1311"/> </tile>
		</composite>
		<composite chance="10">
			<tile x="0" y="0"> <item id="1307"/> </tile>
			<tile x="1" y="1"> <item id="1308"/> </tile>
		</composite>
	</brush>
	
	<brush name="brown rubble" type="doodad" server_lookid="1316" draggable="true" on_blocking="true" thickness="15/100">
		<item id="1316" chance="10"/>
		<composite chance="10">
			<tile x="0" y="0"> <item id="1317"/> </tile>
			<tile x="1" y="0"> <item id="1318"/> </tile>
		</composite>
		<composite chance="10">
			<tile x="0" y="0"> <item id="1319"/> </tile>
			<tile x="0" y="1"> <item id="1320"/> </tile>
		</composite>
		<composite chance="10">
			<tile x="0" y="0"> <item id="1319"/> </tile>
			<tile x="0" y="1"> <item id="1320"/> </tile>
		</composite>
		<composite chance="10">
			<tile x="0" y="0"> <item id="1314"/> </tile>
			<tile x="1" y="1"> <item id="1315"/> </tile>
		</composite>
	</brush>
	
	<brush name="rough brown rubble" type="doodad" server_lookid="1323" draggable="true" on_blocking="true" thickness="15/100">
		<item id="1323" chance="10"/>
		<composite chance="10">
			<tile x="0" y="0"> <item id="1324"/> </tile>
			<tile x="1" y="0"> <item id="1325"/> </tile>
		</composite>
		<composite chance="10">
			<tile x="0" y="0"> <item id="1326"/> </tile>
			<tile x="0" y="1"> <item id="1327"/> </tile>
		</composite>
		<composite chance="10">
			<tile x="0" y="0"> <item id="1321"/> </tile>
			<tile x="1" y="1"> <item id="1322"/> </tile>
		</composite>
	</brush>
	
	<brush name="staglamites" type="doodad" server_lookid="386" draggable="true" on_blocking="false" thickness="13/100">
		<item id="386" chance="10"/>
		<item id="387" chance="10"/>
		<item id="390" chance="10"/>
		<item id="391" chance="10"/>
	</brush>
	
	<brush name="mud cave rocks" type="doodad" server_lookid="5747" draggable="true" on_blocking="false" thickness="13/100">
		<item id="5747" chance="10"/>
		<item id="5750" chance="10"/>
		<item id="5751" chance="10"/>
		<item id="5752" chance="10"/>
		<item id="5753" chance="10"/>
		<item id="5754" chance="10"/>
	</brush>
	
	<brush name="stone cave rocks" type="doodad" server_lookid="5619" draggable="true" on_blocking="false" thickness="13/100">
		<item id="5619" chance="10"/>
		<item id="5620" chance="10"/>
		<item id="5621" chance="10"/>
		<item id="5622" chance="10"/>
		<item id="5623" chance="10"/>
		<item id="5624" chance="10"/>
	</brush>
	
	<brush name="lava hole" type="doodad" server_lookid="389" draggable="true" on_blocking="true" thickness="100/100">
		<alternate>
			<item id="388" chance="10"/>
		</alternate>
		<alternate>
			<item id="389" chance="10"/>
		</alternate>
	</brush>
	
	<brush name="swamp plants" type="doodad" server_lookid="2771" draggable="true" on_blocking="true" thickness="2/15">
		<item id="2769" chance="10"/>
		<item id="2771" chance="10"/>
		<item id="2772" chance="10"/>
		<item id="2773" chance="10"/>
		<item id="2774" chance="10"/>
		<item id="2775" chance="10"/>
		<item id="2776" chance="10"/>
		<item id="2777" chance="10"/>
		<item id="2778" chance="10"/>
		<item id="2779" chance="10"/>
		<item id="2780" chance="10"/>
		<item id="2783" chance="10"/>
	</brush>
	
	<brush name="flowers" type="doodad" server_lookid="2743" draggable="true" on_blocking="true" thickness="10/100">
		<item id="2740" chance="10"/>
		<item id="2741" chance="10"/>
		<item id="2742" chance="10"/>
		<item id="2743" chance="10"/>
		<item id="2747" chance="10"/>
		<item id="4156" chance="10"/>
		<item id="4157" chance="10"/>
		<item id="4158" chance="10"/>
	</brush>
	
	<brush name="yellow flowers" type="doodad" server_lookid="4155" draggable="true" on_blocking="true" thickness="10/100">
		<item id="4155" chance="10"/>
		<item id="4154" chance="10"/>
		<item id="4153" chance="10"/>
		<item id="4152" chance="10"/>
		<item id="4151" chance="10"/>
		<item id="4150" chance="10"/>
	</brush>
	
	<brush name="royal flowers" type="doodad" server_lookid="2749" draggable="true" on_blocking="true" thickness="10/100">
		<item id="2749" chance="10"/>
		<item id="2750" chance="10"/>
		<item id="2751" chance="10"/>
	</brush>
	
	<brush name="sunflowers" type="doodad" server_lookid="2753" draggable="true" on_blocking="true" thickness="10/100">
		<item id="2753" chance="10"/>
		<item id="2752" chance="15"/>
	</brush>
	
	<brush name="bushes" type="doodad" server_lookid="2767" draggable="true" on_blocking="false" thickness="15/100">
		<item id="2767" chance="10"/>
		<item id="2768" chance="10"/>
	</brush>
	
	<brush name="blueberry bushes" type="doodad" server_lookid="2785" draggable="true" on_blocking="false" thickness="100/100">
		<alternate> <item id="2785" chance="10"/> </alternate>
		<alternate> <item id="2786" chance="10"/> </alternate>
	</brush>
	
	<brush name="banana tree" type="doodad" server_lookid="5390" draggable="true" on_blocking="false" thickness="13/100">
		<alternate> <item id="5390" chance="10"/> </alternate>
		<alternate> <item id="5391" chance="10"/> </alternate>
	</brush>
	
	<brush name="mango tree" type="doodad" server_lookid="5157" draggable="true" on_blocking="false" thickness="13/100">
		<item id="5157" chance="10"/>
		<item id="5156" chance="10"/>
	</brush>
	
	<brush name="mangrove tree" type="doodad" server_lookid="5393" draggable="true" on_blocking="false" thickness="13/100">
		<item id="5393" chance="10"/>
		<item id="5397" chance="10"/>
	</brush>
	
	<brush name="dead mangrove tree" type="doodad" server_lookid="5392" draggable="true" on_blocking="false" thickness="13/100">
		<item id="5392" chance="10"/>
		<item id="5396" chance="10"/>
	</brush>
	
	<brush name="mangrove tree (on water)" type="doodad" server_lookid="5395" draggable="true" on_blocking="false" thickness="13/100">
		<item id="5395" chance="10"/>
		<item id="5399" chance="10"/>
	</brush>
	
	<brush name="dead mangrove tree (on water)" type="doodad" server_lookid="5394" draggable="true" on_blocking="false" thickness="13/100">
		<item id="5394" chance="10"/>
		<item id="5398" chance="10"/>
	</brush>
	
	<brush name="lilypads" type="doodad" server_lookid="2758" draggable="true" on_blocking="true" thickness="10/100">
		<item id="2755" chance="20"/>
		<item id="2756" chance="10"/>
		<item id="2757" chance="15"/>
		<item id="2758" chance="10"/>
	</brush>
	
	<brush name="cave wall twigs" type="doodad" server_lookid="5561" draggable="true" on_blocking="true" thickness="100/100">
		<alternate> <item id="5561" chance="10"/> </alternate>
		<alternate> <item id="5562" chance="10"/> </alternate>
	</brush>
	
	<brush name="cave wall thingy" type="doodad" server_lookid="5563" draggable="true" on_blocking="true" thickness="100/100">
		<alternate> <item id="5563" chance="10"/> </alternate>
		<alternate> <item id="5564" chance="10"/> </alternate>
	</brush>
	
	<brush name="roses" type="doodad" server_lookid="2762" draggable="true" on_blocking="true" thickness="8/100">
		<alternate>
			<item id="2762" chance="10"/>
			<item id="2763" chance="10"/>
			<item id="2764" chance="10"/>
			<item id="2765" chance="10"/>
			<item id="2766" chance="10"/>
		</alternate>
		<alternate> <item id="2762" chance="10"/> </alternate>
		<alternate> <item id="2763" chance="10"/> </alternate>
		<alternate> <item id="2764" chance="10"/> </alternate>
		<alternate> <item id="2765" chance="10"/> </alternate>
		<alternate> <item id="2766" chance="10"/> </alternate>
	</brush>
	
	<brush name="tall jungle grass" type="doodad" server_lookid="2782" draggable="true" on_blocking="false" thickness="100/100">
		<alternate> <item id="2782" chance="10"/> </alternate>
		<alternate> <item id="2781" chance="10"/> </alternate>
	</brush>
	
	<brush name="tall swamp grass" type="doodad" server_lookid="3985" draggable="true" on_blocking="false" thickness="100/100">
		<alternate> <item id="3985" chance="10"/> </alternate>
		<alternate> <item id="3984" chance="10"/> </alternate>
	</brush>
	
	<brush name="dead bushes" type="doodad" server_lookid="2770" draggable="true" on_blocking="false" thickness="10/100">
		<item id="2770" chance="10"/>
		<item id="2784" chance="10"/>
	</brush>
	
	<brush name="swamp source" type="doodad" server_lookid="5869" draggable="true" on_blocking="false" thickness="100/100">
		<alternate>
			<item id="5869" chance="10"/>
			<item id="5870" chance="10"/>
			<item id="5871" chance="10"/>
		</alternate>
		<alternate>
			<item id="5872" chance="10"/>
			<item id="5873" chance="10"/>
			<item id="5874" chance="10"/>
		</alternate>
	</brush>
	
	<brush name="water source" type="doodad" server_lookid="5660" draggable="true" on_blocking="false" thickness="100/100">
		<alternate>
			<item id="5660" chance="10"/>
			<item id="5661" chance="10"/>
			<item id="5662" chance="10"/>
		</alternate>
		<alternate>
			<item id="5663" chance="10"/>
			<item id="5664" chance="10"/>
			<item id="5665" chance="10"/>
		</alternate>
	</brush>
	
	<brush name="ice floe" type="carpet" server_lookid="7145">
		<carpet align="n"      id="7147"/>
		<carpet align="e"      id="7148"/>
		<carpet align="s"      id="7146"/>
		<carpet align="w"      id="7149"/>
		<carpet align="cnw"    id="7152"/>
		<carpet align="cne"    id="7153"/>
		<carpet align="cse"    id="7150"/>
		<carpet align="csw"    id="7151"/>
		<carpet align="dnw"    id="7157"/>
		<carpet align="dne"    id="7156"/>
		<carpet align="dse"    id="7154"/>
		<carpet align="dsw"    id="7155"/>
		<carpet align="center" id="7145"/>
	</brush>
	
	<brush name="loose gravel" type="carpet" server_lookid="6374">
		<carpet align="n"      id="6377"/>
		<carpet align="e"      id="6378"/>
		<carpet align="s"      id="6375"/>
		<carpet align="w"      id="6376"/>
		<carpet align="cnw"    id="6381"/>
		<carpet align="cne"    id="6382"/>
		<carpet align="cse"    id="6379"/>
		<carpet align="csw"    id="6380"/>
		<carpet align="dnw"    id="6386"/>
		<carpet align="dne"    id="6385"/>
		<carpet align="dse"    id="6383"/>
		<carpet align="dsw"    id="6384"/>
		<carpet align="center" id="6374"/>
	</brush>
	
	<brush name="straw mat" type="carpet" server_lookid="5485">
		<carpet align="n"      id="5492"/>
		<carpet align="e"      id="5555"/>
		<carpet align="s"      id="5487"/>
		<carpet align="w"      id="5556"/>
		<carpet align="cnw"    id="5493"/>
		<carpet align="cne"    id="5491"/>
		<carpet align="cse"    id="5486"/>
		<carpet align="csw"    id="5488"/>
		<carpet align="dnw"    id="5495"/>
		<carpet align="dne"    id="5494"/>
		<carpet align="dse"    id="5489"/>
		<carpet align="dsw"    id="5490"/>
		<carpet align="center" id="5485"/>
	</brush>
	
	<brush name="waterfall" type="doodad" server_lookid="3569" draggable="true" on_blocking="true" thickness="100/100">
		<alternate>
			<composite chance="10">
				<tile x="0" y="0" z="0">  <item id="3569" chance="10"/> </tile>
				<tile x="0" y="1" z="0">  <item id="3573" chance="10"/> </tile>
				<tile x="0" y="0" z="-1"> <item id="3571" chance="10"/> </tile>
			</composite>
		</alternate>
		<alternate>
			<composite chance="10">
				<tile x="0" y="0" z="0">  <item id="3570" chance="10"/> </tile>
				<tile x="1" y="0" z="0">  <item id="3574" chance="10"/> </tile>
				<tile x="0" y="0" z="-1"> <item id="3572" chance="10"/> </tile>
			</composite>
		</alternate>
	</brush>
	
	<!-- Jungle -->
	
	<brush name="bamboo plant" type="doodad" server_lookid="4025" draggable="true" on_blocking="true" thickness="12/100">
		<item id="4025" chance="10"/>
		<item id="4026" chance="10"/>
		<composite chance="10">
			<tile x="0" y="0" z="0">  <item id="4027"/> </tile>
			<tile x="0" y="0" z="-1"> <item id="4028"/> </tile>
		</composite>
		<composite chance="10">
			<tile x="0" y="0" z="0">  <item id="4027"/> </tile>
			<tile x="0" y="0" z="-1"> <item id="4029"/> </tile>
		</composite>
		<composite chance="10">
			<tile x="0" y="0" z="0">  <item id="4027"/> </tile>
			<tile x="0" y="0" z="-1"> <item id="4030"/> </tile>
		</composite>
		<composite chance="10">
			<tile x="0" y="0" z="0">  <item id="4033"/> </tile>
			<tile x="0" y="0" z="-1"> <item id="4032"/> </tile>
		</composite>
		<composite chance="10">
			<tile x="0" y="0" z="0">  <item id="4033"/> </tile>
			<tile x="0" y="0" z="-1"> <item id="4031"/> </tile>
		</composite>
		<composite chance="10">
			<tile x="0" y="0" z="0">  <item id="4033"/> </tile>
			<tile x="0" y="0" z="-1"> <item id="4034"/> </tile>
		</composite>
	</brush>
	
	<brush name="giant mushrooms" type="doodad" server_lookid="4168" draggable="true" on_blocking="false" thickness="12/100">
		<item id="4167" chance="10"/>
		<item id="4168" chance="10"/>
		<item id="4169" chance="10"/>
	</brush>
	
	<brush name="moldy giant mushrooms" type="doodad" server_lookid="4172" draggable="true" on_blocking="false" thickness="12/100">
		<item id="4172" chance="10"/>
		<item id="4173" chance="10"/>
	</brush>
	
	<brush name="moldy mushrooms" type="doodad" server_lookid="4174" draggable="true" on_blocking="false" thickness="12/100">
		<item id="4174" chance="10"/>
		<item id="4175" chance="10"/>
		<item id="4176" chance="10"/>
		<item id="4177" chance="10"/>
		<item id="4175" chance="10"/>
	</brush>
	
	<brush name="small mushrooms" type="doodad" server_lookid="4181" draggable="true" on_blocking="false" thickness="12/100">
		<item id="4178" chance="10"/>
		<item id="4179" chance="10"/>
		<item id="4180" chance="10"/>
		<item id="4181" chance="10"/>
	</brush>
	
	<brush name="jungle maw" type="doodad" server_lookid="4208" draggable="true" on_blocking="false" thickness="12/100">
		<alternate> <item id="4208" chance="10"/> </alternate> -- open --
		<alternate> <item id="4209" chance="10"/> </alternate> -- closed --
	</brush>
	
	<brush name="tree crown" type="carpet" server_lookid="4129">
		<carpet align="n"      id="4115"/>
		<carpet align="e"      id="4114"/>
		<carpet align="s"      id="4116"/>
		<carpet align="w"      id="4113"/>
		<carpet align="cnw">
			<item chance="10" id="4123"/>
			<item chance="10" id="4124"/>
		</carpet>
		<carpet align="cne">
			<item chance="10" id="4121"/>
			<item chance="10" id="4122"/>
		</carpet>
		<carpet align="cse">
			<item chance="10" id="4117"/>
			<item chance="10" id="4120"/>
		</carpet>
		<carpet align="csw">
			<item chance="10" id="4119"/>
			<item chance="10" id="4118"/>
		</carpet>
		<carpet align="dnw"    id="4128"/>
		<carpet align="dne"    id="4127"/>
		<carpet align="dse"    id="4125"/>
		<carpet align="dsw"    id="4126"/>
		<carpet align="center">
			<item chance="50" id="4129"/>
			<item chance="10" id="4130"/>
			<item chance="10" id="4131"/>
			<item chance="10" id="4132"/>
			<item chance="10" id="4133"/>
		</carpet>
	</brush>
	
	<brush name="log" type="table" server_lookid="4191">
		<table align="north"> <item id="4194" chance="10"/> </table>
		<table align="vertical">
			<item id="4195" chance="80"/>
			<item id="4196" chance="10"/>
			<item id="4197" chance="10"/>
			<item id="4198" chance="10"/>
			<item id="4199" chance="10"/>
			<item id="4200" chance="10"/>
		</table>
		<table align="south"> <item id="4201" chance="10"/> </table>
		<table align="west"> <item id="4186" chance="10"/> </table>
		<table align="horizontal">
			<item id="4187" chance="80"/>
			<item id="4188" chance="10"/>
			<item id="4189" chance="10"/>
			<item id="4190" chance="10"/>
			<item id="4191" chance="10"/>
			<item id="4192" chance="10"/>
		</table>
		<table align="east"> <item id="4193" chance="10"/> </table>
		<table align="alone"> <item id="4187" chance="10"/> </table>
	</brush>
	
	<brush name="log vines" type="table" server_lookid="4202">
		<table align="north"> <item id="4205" chance="10"/> </table>
		<table align="vertical"> <item id="4206" chance="10"/> </table>
		<table align="south"> <item id="4207" chance="10"/> </table>
		<table align="west"> <item id="4202" chance="10"/> </table>
		<table align="horizontal"> <item id="4203" chance="10"/> </table>
		<table align="east"> <item id="4204" chance="10"/> </table>
		<table align="alone"> <item id="4203" chance="10"/> </table>
	</brush>
	
	<brush name="log covered in moss" type="table" server_lookid="4240">
		<table align="north"> <item id="4245" chance="10"/> </table>
		<table align="vertical">
			<item id="4246" chance="80"/>
			<item id="4247" chance="10"/>
			<item id="4248" chance="10"/>
			<item id="4249" chance="10"/>
		</table>
		<table align="south"> <item id="4250" chance="10"/> </table>
		<table align="west"> <item id="4239" chance="10"/> </table>
		<table align="horizontal">
			<item id="4240" chance="80"/>
			<item id="4241" chance="10"/>
			<item id="4242" chance="10"/>
			<item id="4243" chance="10"/>
		</table>
		<table align="east"> <item id="4244" chance="10"/> </table>
		<table align="alone"> <item id="4240" chance="10"/> </table>
	</brush>
	
	<brush name="sugar cane stack" type="doodad" server_lookid="5551" draggable="true" on_blocking="true" thickness="20/100">
		<composite chance="10">
			<tile x="0" y="0"> <item id="5549"/> </tile>
			<tile x="1" y="0"> <item id="5550"/> </tile>
			<tile x="0" y="1"> <item id="5551"/> </tile>
			<tile x="1" y="1"> <item id="5552"/> </tile>
		</composite>
		<item id="5467" chance="10"/>
	</brush>
	
	<brush name="sugar cart" type="doodad" server_lookid="5548" draggable="true" on_blocking="true" thickness="20/100">
		<alternate> <item id="5548" chance="10"/> </alternate> -- south --
		<alternate> <item id="5547" chance="10"/> </alternate> -- east --
	</brush>
	
	<brush name="empty sugar cart" type="doodad" server_lookid="5546" draggable="true" on_blocking="true" thickness="20/100">
		<alternate> <item id="5546" chance="10"/> </alternate> -- south --
		<alternate> <item id="5544" chance="10"/> </alternate> -- east --
	</brush>
	
	<brush name="distillery" type="doodad" server_lookid="5469" draggable="true" on_blocking="true" thickness="20/100">
		<alternate> <item id="5469" chance="10"/> </alternate> -- south --
		<alternate> <item id="5470" chance="10"/> </alternate> -- east --
	</brush>
	
	-- In classical style, trails are actually wallbrushes --
	<brush name="ant trails" type="wall" server_lookid="3313">
		<wall type="horizontal">         <item id="3313" chance="1"/> </wall>
		<wall type="vertical">           <item id="3315" chance="1"/> </wall>
		<wall type="pole">               <item id="3321" chance="1"/> </wall>
		<wall type="intersection">       <item id="3321" chance="1"/> </wall>
		<wall type="south end">          <item id="3315" chance="1"/> </wall>
		<wall type="east end">           <item id="3313" chance="1"/> </wall>
		<wall type="north end">          <item id="3315" chance="1"/> </wall>
		<wall type="west end">           <item id="3313" chance="1"/> </wall>
		<wall type="northeast diagonal"> <item id="3316" chance="1"/> </wall>
		<wall type="northwest diagonal"> <item id="3317" chance="1"/> </wall>
		<wall type="southeast diagonal"> <item id="3312" chance="1"/> </wall>
		<wall type="southwest diagonal"> <item id="3314" chance="1"/> </wall>
		<wall type="south T">            <item id="3318" chance="1"/> </wall>
		<wall type="east T">             <item id="3320" chance="1"/> </wall>
		<wall type="north T">            <item id="3319" chance="1"/> </wall>
		<wall type="west T">             <item id="3322" chance="1"/> </wall>
	</brush>
	
	<brush name="branches" type="wall" server_lookid="4233">
		<wall type="horizontal">
			<item id="4233" chance="1"/>
			<item id="4234" chance="1"/>
		</wall>
		<wall type="vertical">
			<item id="4231" chance="1"/>
			<item id="4232" chance="1"/>
		</wall>
		<wall type="pole">
			<item id="4229" chance="1"/>
		</wall>
		<wall type="south end">          <item id="4225" chance="1"/> </wall>
		<wall type="east end">           <item id="4224" chance="1"/> </wall>
		<wall type="north end">          <item id="4223" chance="1"/> </wall>
		<wall type="west end">           <item id="4226" chance="1"/> </wall>
		<wall type="northeast diagonal"> <item id="4237" chance="1"/> </wall>
		<wall type="northwest diagonal"> <item id="4238" chance="1"/> </wall>
		<wall type="southeast diagonal"> <item id="4235" chance="1"/> </wall>
		<wall type="southwest diagonal"> <item id="4236" chance="1"/> </wall>
	</brush>
	
	<!-- Furniture -->
	
	<brush name="small drawer" type="doodad" server_lookid="1716" draggable="true" on_blocking="true" on_duplicate="true" thickness="100/100">
		<alternate> -- south --
			<item id="1716" chance="10"/>
		</alternate>
		<alternate> -- east --
			<item id="1717" chance="10"/>
		</alternate>
		<alternate> -- north --
			<item id="1714" chance="10"/>
		</alternate>
		<alternate> -- west --
			<item id="1715" chance="10"/>
		</alternate>
	</brush>
	
	<brush name="flashy drawer" type="doodad" server_lookid="1724" draggable="true" on_blocking="true" on_duplicate="true" thickness="100/100">
		<alternate> -- south --
			<item id="1724" chance="10"/>
		</alternate>
		<alternate> -- east --
			<item id="1725" chance="10"/>
		</alternate>
		<alternate> -- north --
			<item id="1726" chance="10"/>
		</alternate>
		<alternate> -- west --
			<item id="1727" chance="10"/>
		</alternate>
	</brush>
	
	<brush name="pendulum clock" type="doodad" server_lookid="1728" draggable="true" on_blocking="true" thickness="100/100">
		<alternate> -- south --
			<item id="1728" chance="10"/>
		</alternate>
		<alternate> -- east --
			<item id="1729" chance="10"/>
		</alternate>
		<alternate> -- north --
			<item id="1730" chance="10"/>
		</alternate>
		<alternate> -- west --
			<item id="1731" chance="10"/>
		</alternate>
	</brush>
	
	<brush name="tall locker" type="doodad" server_lookid="1732" draggable="true" on_blocking="true" thickness="100/100">
		<alternate> -- south --
			<item id="1732" chance="10"/>
		</alternate>
		<alternate> -- east --
			<item id="1734" chance="10"/>
		</alternate>
		<alternate> -- north --
			<item id="1733" chance="10"/>
		</alternate>
		<alternate> -- west --
			<item id="1735" chance="10"/>
		</alternate>
	</brush>
	
	<brush name="mirror stand" type="doodad" server_lookid="1736" draggable="true" on_blocking="true" thickness="100/100">
		<alternate> -- south --
			<item id="1736" chance="10"/>
		</alternate>
		<alternate> -- east --
			<item id="1737" chance="10"/>
		</alternate>
	</brush>
	
	<brush name="map board" type="doodad" server_lookid="5656" draggable="true" on_blocking="true" thickness="100/100">
		<alternate> -- south --
			<composite chance="10">
				<tile x="0" y="0"> <item id="5655"/> </tile>
				<tile x="1" y="0"> <item id="5656"/> </tile>
			</composite>
		</alternate>
		<alternate> -- east --
			<composite chance="10">
				<tile x="0" y="0"> <item id="5657"/> </tile>
				<tile x="0" y="1"> <item id="5658"/> </tile>
			</composite>
		</alternate>
	</brush>
	
	<brush name="wooden chest" type="doodad" server_lookid="1740" draggable="true" on_blocking="true" on_duplicate="true" thickness="100/100">
		<alternate> -- south --
			<item id="1740" chance="10"/>
		</alternate>
		<alternate> -- east --
			<item id="1748" chance="10"/>
		</alternate>
		<alternate> -- north --
			<item id="1747" chance="10"/>
		</alternate>
		<alternate> -- west --
			<item id="1749" chance="10"/>
		</alternate>
	</brush>
	
	<brush name="large trunk" type="doodad" server_lookid="1750" draggable="true" on_blocking="true" on_duplicate="true" thickness="100/100">
		<alternate> -- south --
			<item id="1750" chance="10"/>
		</alternate>
		<alternate> -- east --
			<item id="1752" chance="10"/>
		</alternate>
		<alternate> -- north --
			<item id="1751" chance="10"/>
		</alternate>
		<alternate> -- west --
			<item id="1753" chance="10"/>
		</alternate>
	</brush>
	
	<brush name="piano" type="doodad" server_lookid="2080" draggable="true" on_blocking="true" thickness="100/100">
		<alternate> -- south --
			<item id="2080" chance="10"/>
		</alternate>
		<alternate> -- east --
			<item id="2082" chance="10"/>
		</alternate>
		<alternate> -- north --
			<item id="2081" chance="10"/>
		</alternate>
		<alternate> -- west --
			<item id="2083" chance="10"/>
		</alternate>
	</brush>
	
	<brush name="harp" type="doodad" server_lookid="2084" draggable="true" on_blocking="true" thickness="100/100">
		<alternate> -- south --
			<item id="2084" chance="10"/>
		</alternate>
		<alternate> -- east --
			<item id="2085" chance="10"/>
		</alternate>
	</brush>
	
	<brush name="wooden coffin" type="doodad" server_lookid="1742" draggable="true" on_blocking="true" thickness="100/100">
		<alternate> -- south --
			<composite chance="10">
				<tile x="0" y="0"> <item id="1742"/> </tile>
				<tile x="0" y="1"> <item id="1743"/> </tile>
			</composite>
		</alternate>
		<alternate> -- east --
			<composite chance="10">
				<tile x="0" y="0"> <item id="1744"/> </tile>
				<tile x="1" y="0"> <item id="1745"/> </tile>
			</composite>
		</alternate>
	</brush>
	
	<brush name="large cask" type="doodad" server_lookid="1776" draggable="true" on_blocking="true" thickness="100/100">
		<alternate> -- south --
			<composite chance="10">
				<tile x="0" y="0"> <item id="1778"/> </tile>
				<tile x="1" y="0"> <item id="1779"/> </tile>
				<tile x="0" y="1"> <item id="1780"/> </tile>
				<tile x="1" y="1"> <item id="1781"/> </tile>
			</composite>
		</alternate>
		<alternate> -- east --
			<composite chance="10">
				<tile x="0" y="0"> <item id="1782"/> </tile>
				<tile x="1" y="0"> <item id="1783"/> </tile>
				<tile x="0" y="1"> <item id="1784"/> </tile>
				<tile x="1" y="1"> <item id="1785"/> </tile>
			</composite>
		</alternate>
	</brush>
	
	<brush name="normal wardrobe" type="doodad" server_lookid="1710" draggable="true" on_blocking="true" thickness="100/100">
		<alternate> -- south --
			<composite chance="10">
				<tile x="0" y="0"> <item id="1710"/> </tile>
				<tile x="1" y="0"> <item id="1711"/> </tile>
			</composite>
		</alternate>
		<alternate> -- east --
			<composite chance="10">
				<tile x="0" y="0"> <item id="1712"/> </tile>
				<tile x="0" y="1"> <item id="1713"/> </tile>
			</composite>
		</alternate>
	</brush>
	
	<brush name="bambu wardrobe" type="doodad" server_lookid="3822" draggable="true" on_blocking="true" thickness="100/100">
		<alternate> -- south --
			<composite chance="10">
				<tile x="0" y="0"> <item id="3823"/> </tile>
				<tile x="1" y="0"> <item id="3822"/> </tile>
			</composite>
		</alternate>
		<alternate> -- east --
			<composite chance="10">
				<tile x="0" y="0"> <item id="3824"/> </tile>
				<tile x="0" y="1"> <item id="3825"/> </tile>
			</composite>
		</alternate>
	</brush>
	
	<brush name="bambu bookcase" type="doodad" server_lookid="3828" draggable="true" on_blocking="true" thickness="100/100">
		<alternate> -- south --
			<item chance="10" id="3828"/>
		</alternate>
		<alternate> -- east --
			<item chance="10" id="3829"/>
		</alternate>
	</brush>
	
	<brush name="bambu bookcase with books" type="doodad" server_lookid="3830" draggable="true" on_blocking="true" thickness="100/100">
		<alternate> -- south --
			<item chance="10" id="3830"/>
		</alternate>
		<alternate> -- east --
			<item chance="10" id="3831"/>
		</alternate>
	</brush>
	
	<brush name="bambu drawer" type="doodad" server_lookid="3832" draggable="true" on_blocking="true" thickness="100/100">
		<alternate> -- south --
			<item chance="10" id="3832"/>
		</alternate>
		<alternate> -- east --
			<item chance="10" id="3833"/>
		</alternate>
		<alternate> -- north --
			<item chance="10" id="3834"/>
		</alternate>
		<alternate> -- west --
			<item chance="10" id="3835"/>
		</alternate>
	</brush>
	
	<brush name="oven - on" type="doodad" server_lookid="1786" draggable="true" on_blocking="true" thickness="100/100">
		<alternate> -- south --
			<item id="1786" chance="10"/>
		</alternate>
		<alternate> -- east --
			<item id="1792" chance="10"/>
		</alternate>
		<alternate> -- north --
			<item id="1790" chance="10"/>
		</alternate>
		<alternate> -- west --
			<item id="1788" chance="10"/>
		</alternate>
	</brush>
	
	<brush name="oven - off" type="doodad" server_lookid="1787" draggable="true" on_blocking="true" thickness="100/100">
		<alternate> -- south --
			<item id="1787" chance="10"/>
		</alternate>
		<alternate> -- east --
			<item id="1793" chance="10"/>
		</alternate>
		<alternate> -- north --
			<item id="1791" chance="10"/>
		</alternate>
		<alternate> -- west --
			<item id="1789" chance="10"/>
		</alternate>
	</brush>
	
	<!-- chairs -->
	
	<brush name="wooden chair" type="doodad" server_lookid="1652" draggable="true" on_blocking="true" on_duplicate="true" thickness="100/100">
		<alternate> -- south --
			<item id="1652" chance="10"/>
		</alternate>
		<alternate> -- east --
			<item id="1651" chance="10"/>
		</alternate>
		<alternate> -- north --
			<item id="1650" chance="10"/>
		</alternate>
		<alternate> -- west --
			<item id="1653" chance="10"/>
		</alternate>
	</brush>
	
	<brush name="gilded throne" type="doodad" server_lookid="1654" draggable="true" on_blocking="true" on_duplicate="true" thickness="100/100">
		<alternate> -- south --
			<item id="1654" chance="10"/>
		</alternate>
		<alternate> -- east --
			<item id="1656" chance="10"/>
		</alternate>
		<alternate> -- north --
			<item id="1655" chance="10"/>
		</alternate>
		<alternate> -- west --
			<item id="1657" chance="10"/>
		</alternate>
	</brush>
	
	<brush name="sofa chair" type="doodad" server_lookid="1658" draggable="true" on_blocking="true" on_duplicate="true" thickness="100/100">
		<alternate> -- south --
			<item id="1658" chance="10"/>
		</alternate>
		<alternate> -- east --
			<item id="1660" chance="10"/>
		</alternate>
		<alternate> -- north --
			<item id="1659" chance="10"/>
		</alternate>
		<alternate> -- west --
			<item id="1661" chance="10"/>
		</alternate>
	</brush>
	
	<brush name="dull throne" type="doodad" server_lookid="1647" draggable="true" on_blocking="true" on_duplicate="true" thickness="100/100">
		<alternate> -- south --
			<item id="1647" chance="10"/>
		</alternate>
		<alternate> -- east --
			<item id="1646" chance="10"/>
		</alternate>
		<alternate> -- north --
			<item id="1649" chance="10"/>
		</alternate>
		<alternate> -- west --
			<item id="1648" chance="10"/>
		</alternate>
	</brush>
	
	<brush name="red cushioned chair" type="doodad" server_lookid="1666" draggable="true" on_blocking="true" on_duplicate="true" thickness="100/100">
		<alternate> -- south --
			<item id="1666" chance="10"/>
		</alternate>
		<alternate> -- east --
			<item id="1668" chance="10"/>
		</alternate>
		<alternate> -- north --
			<item id="1667" chance="10"/>
		</alternate>
		<alternate> -- west --
			<item id="1669" chance="10"/>
		</alternate>
	</brush>
	
	<brush name="green cushioned chair" type="doodad" server_lookid="1670" draggable="true" on_blocking="true" on_duplicate="true" thickness="100/100">
		<alternate> -- south --
			<item id="1670" chance="10"/>
		</alternate>
		<alternate> -- east --
			<item id="1672" chance="10"/>
		</alternate>
		<alternate> -- north --
			<item id="1671" chance="10"/>
		</alternate>
		<alternate> -- west --
			<item id="1673" chance="10"/>
		</alternate>
	</brush>
	
	<brush name="rocking chair" type="doodad" server_lookid="1674" draggable="true" on_blocking="true" on_duplicate="true" thickness="100/100">
		<alternate> -- south --
			<item id="1674" chance="10"/>
		</alternate>
		<alternate> -- east --
			<item id="1676" chance="10"/>
		</alternate>
		<alternate> -- north --
			<item id="1675" chance="10"/>
		</alternate>
		<alternate> -- west --
			<item id="1677" chance="10"/>
		</alternate>
	</brush>
	
	<brush name="bench" type="doodad" server_lookid="1662" draggable="true" on_blocking="true" thickness="100/100">
		<alternate> -- south --
			<composite chance="10">
				<tile x="0" y="0"> <item id="1662"/> </tile>
				<tile x="1" y="0"> <item id="1663"/> </tile>
			</composite>
		</alternate>
		<alternate> -- east --
			<composite chance="10">
				<tile x="0" y="0"> <item id="1664"/> </tile>
				<tile x="0" y="1"> <item id="1665"/> </tile>
			</composite>
		</alternate>
	</brush>
	
	<brush name="large throne" type="doodad" server_lookid="5915" draggable="true" on_blocking="true" thickness="100/100">
		<alternate> -- south --
			<item id="5915" chance="10"/>
		</alternate>
		<alternate> -- east --
			<item id="5916" chance="10"/>
		</alternate>
	</brush>
	
	<brush name="redwhite sofa" type="doodad" server_lookid="1695" draggable="true" on_blocking="true" thickness="100/100">
		<alternate> -- south --
			<composite chance="10">
				<tile x="0" y="0"> <item id="1694"/> </tile>
				<tile x="1" y="0"> <item id="1695"/> </tile>
			</composite>
		</alternate>
		<alternate> -- east --
			<composite chance="10">
				<tile x="0" y="0"> <item id="1698"/> </tile>
				<tile x="0" y="1"> <item id="1699"/> </tile>
			</composite>
		</alternate>
		<alternate> -- north --
			<composite chance="10">
				<tile x="0" y="0"> <item id="1696"/> </tile>
				<tile x="1" y="0"> <item id="1697"/> </tile>
			</composite>
		</alternate>
		<alternate> -- west --
			<composite chance="10">
				<tile x="0" y="0"> <item id="1700"/> </tile>
				<tile x="0" y="1"> <item id="1701"/> </tile>
			</composite>
		</alternate>
	</brush>
	
	<brush name="green sofa" type="doodad" server_lookid="1703" draggable="true" on_blocking="true" thickness="100/100">
		<alternate> -- south --
			<composite chance="10">
				<tile x="0" y="0"> <item id="1702"/> </tile>
				<tile x="1" y="0"> <item id="1703"/> </tile>
			</composite>
		</alternate>
		<alternate> -- east --
			<composite chance="10">
				<tile x="0" y="0"> <item id="1706"/> </tile>
				<tile x="0" y="1"> <item id="1707"/> </tile>
			</composite>
		</alternate>
		<alternate> -- north --
			<composite chance="10">
				<tile x="0" y="0"> <item id="1704"/> </tile>
				<tile x="1" y="0"> <item id="1705"/> </tile>
			</composite>
		</alternate>
		<alternate> -- west --
			<composite chance="10">
				<tile x="0" y="0"> <item id="1708"/> </tile>
				<tile x="0" y="1"> <item id="1709"/> </tile>
			</composite>
		</alternate>
	</brush>
	
	<!-- Ramps -->
	
	<brush name="ramp" type="doodad" server_lookid="1395" draggable="false" on_blocking="true" one_size="true" redo_borders="true">
		<alternate> -- south --
			<composite chance="10">
				<tile x="0" y="0"> <item id="1394"/> </tile>
				<tile x="0" y="0" z="-1"> <item id="459"/> </tile>
				<tile x="0" y="1"> <item id="1395"/> </tile>
			</composite>
		</alternate>
		<alternate> -- east --
			<composite chance="10">
				<tile x="0" y="0"> <item id="1390"/> </tile>
				<tile x="0" y="0" z="-1"> <item id="459"/> </tile>
				<tile x="1" y="0"> <item id="1391"/> </tile>
			</composite>
		</alternate>
		<alternate> -- north --
			<composite chance="10">
				<tile x="0" y="0"> <item id="1392"/> </tile>
				<tile x="0" y="0" z="-1"> <item id="459"/> </tile>
				<tile x="0" y="-1"> <item id="1393"/> </tile>
			</composite>
		</alternate>
		<alternate> -- west --
			<composite chance="10">
				<tile x="0" y="0"> <item id="1388"/> </tile>
				<tile x="0" y="0" z="-1"> <item id="459"/> </tile>
				<tile x="-1" y="0"> <item id="1389"/> </tile>
			</composite>
		</alternate>
	</brush>
	
	<brush name="snowy ramp" type="doodad" server_lookid="1395" draggable="false" on_blocking="true" one_size="true" redo_borders="true">
		<alternate> -- south --
			<composite chance="10">
				<tile x="0" y="0"> <item id="6915"/> </tile>
				<tile x="0" y="0" z="-1"> <item id="459"/> </tile>
				<tile x="0" y="1"> <item id="6916"/> </tile>
			</composite>
		</alternate>
		<alternate> -- east --
			<composite chance="10">
				<tile x="0" y="0"> <item id="6911"/> </tile>
				<tile x="0" y="0" z="-1"> <item id="459"/> </tile>
				<tile x="1" y="0"> <item id="6912"/> </tile>
			</composite>
		</alternate>
		<alternate> -- north --
			<composite chance="10">
				<tile x="0" y="0"> <item id="6913"/> </tile>
				<tile x="0" y="0" z="-1"> <item id="459"/> </tile>
				<tile x="0" y="-1"> <item id="6914"/> </tile>
			</composite>
		</alternate>
		<alternate> -- west --
			<composite chance="10">
				<tile x="0" y="0"> <item id="6909"/> </tile>
				<tile x="0" y="0" z="-1"> <item id="459"/> </tile>
				<tile x="-1" y="0"> <item id="6910"/> </tile>
			</composite>
		</alternate>
	</brush>
	
	<brush name="bamboo ramp" type="doodad" server_lookid="3686" draggable="false" on_blocking="true" one_size="true" redo_borders="true">
		<alternate> -- south --
			<composite chance="10">
				<tile x="0" y="0"> <item id="3685"/> </tile>
				<tile x="0" y="0" z="-1"> <item id="459"/> </tile>
				<tile x="0" y="1"> <item id="3686"/> </tile>
			</composite>
		</alternate>
		<alternate> -- east --
			<composite chance="10">
				<tile x="0" y="0"> <item id="3681"/> </tile>
				<tile x="0" y="0" z="-1"> <item id="459"/> </tile>
				<tile x="1" y="0"> <item id="3682"/> </tile>
			</composite>
		</alternate>
		<alternate> -- north --
			<composite chance="10">
				<tile x="0" y="0"> <item id="3683"/> </tile>
				<tile x="0" y="0" z="-1"> <item id="459"/> </tile>
				<tile x="0" y="-1"> <item id="3684"/> </tile>
			</composite>
		</alternate>
		<alternate> -- west --
			<composite chance="10">
				<tile x="0" y="0"> <item id="3679"/> </tile>
				<tile x="0" y="0" z="-1"> <item id="459"/> </tile>
				<tile x="-1" y="0"> <item id="3680"/> </tile>
			</composite>
		</alternate>
	</brush>
	
	<brush name="pyramid ramp" type="doodad" server_lookid="1405" draggable="true" on_blocking="true" one_size="true" redo_borders="true">
		<alternate> -- south --
			<composite chance="10">
				<tile x="0" y="0"> <item id="1404"/> </tile>
				<tile x="0" y="0" z="-1"> <item id="459"/> </tile>
				<tile x="0" y="1"> <item id="1405"/> </tile>
			</composite>
		</alternate>
		<alternate> -- east --
			<composite chance="10">
				<tile x="0" y="0"> <item id="1400"/> </tile>
				<tile x="0" y="0" z="-1"> <item id="459"/> </tile>
				<tile x="1" y="0"> <item id="1401"/> </tile>
			</composite>
		</alternate>
		<alternate> -- north --
			<composite chance="10">
				<tile x="0" y="0"> <item id="1402"/> </tile>
				<tile x="0" y="0" z="-1"> <item id="459"/> </tile>
				<tile x="0" y="-1"> <item id="1403"/> </tile>
			</composite>
		</alternate>
		<alternate> -- west --
			<composite chance="10">
				<tile x="0" y="0"> <item id="1398"/> </tile>
				<tile x="0" y="0" z="-1"> <item id="459"/> </tile>
				<tile x="-1" y="0"> <item id="1399"/> </tile>
			</composite>
		</alternate>
	</brush>
	
	<!-- coffin -->
	
	<brush name="stone coffin (no rose)" type="doodad" server_lookid="1410" draggable="false" on_blocking="true" thickness="100/100">
		<alternate> -- south --
			<composite chance="10">
				<tile x="0" y="0"> <item id="1410"/> </tile>
				<tile x="0" y="1"> <item id="1411"/> </tile>
			</composite>
		</alternate>
	</brush>
	
	<brush name="stone coffin (yellow rose)" type="doodad" server_lookid="1412" draggable="false" on_blocking="true" thickness="100/100">
		<alternate> -- south --
			<composite chance="10">
				<tile x="0" y="0"> <item id="1412"/> </tile>
				<tile x="0" y="1"> <item id="1411"/> </tile>
			</composite>
		</alternate>
	</brush>
	
	<brush name="stone coffin (blue rose)" type="doodad" server_lookid="1413" draggable="false" on_blocking="true" thickness="100/100">
		<alternate> -- south --
			<composite chance="10">
				<tile x="0" y="0"> <item id="1413"/> </tile>
				<tile x="0" y="1"> <item id="1411"/> </tile>
			</composite>
		</alternate>
	</brush>
	
	<brush name="stone coffin (red rose)" type="doodad" server_lookid="1414" draggable="false" on_blocking="true" thickness="100/100">
		<alternate> -- south --
			<composite chance="10">
				<tile x="0" y="0"> <item id="1414"/> </tile>
				<tile x="0" y="1"> <item id="1411"/> </tile>
			</composite>
		</alternate>
	</brush>
	
	<brush name="buried stone coffin" type="doodad" server_lookid="1415" draggable="false" on_blocking="true" thickness="100/100">
		<alternate> -- south --
			<composite chance="10">
				<tile x="0" y="0"> <item id="1415"/> </tile>
				<tile x="0" y="1"> <item id="1416"/> </tile>
			</composite>
		</alternate>
	</brush>
	
	<brush name="sarcophagus" type="doodad" server_lookid="1417" draggable="false" on_blocking="true" thickness="100/100">
		<alternate> -- south --
			<composite chance="10">
				<tile x="0" y="0"> <item id="1417"/> </tile>
				<tile x="0" y="1"> <item id="1418"/> </tile>
			</composite>
		</alternate>
		<alternate> -- west --
			<composite chance="10">
				<tile x="0" y="0"> <item id="1419"/> </tile>
				<tile x="1" y="0"> <item id="1420"/> </tile>
			</composite>
		</alternate>
	</brush>
	
	<!-- Statues -->
	
	<brush name="knight statue" type="doodad" server_lookid="1442" draggable="true" on_blocking="true" thickness="100/100">
		<alternate> -- south --
			<item id="1442" chance="10"/>
			<item id="1443" chance="0"/>
		</alternate>
		<alternate> -- east --
			<item id="1478" chance="10"/>
		</alternate>
		<alternate> -- north --
			<item id="1477" chance="10"/>
		</alternate>
		<alternate> -- west --
			<item id="1476" chance="10"/>
		</alternate>
	</brush>
	
	<brush name="minotaur statue" type="doodad" server_lookid="1446" draggable="true" on_blocking="true" thickness="100/100">
		<alternate> -- south --
			<item id="1446" chance="10"/>
		</alternate>
		<alternate> -- east --
			<item id="1461" chance="10"/>
		</alternate>
		<alternate> -- north --
			<item id="1460" chance="10"/>
		</alternate>
		<alternate> -- west --
			<item id="1462" chance="10"/>
		</alternate>
	</brush>
	
	<brush name="goblin statue" type="doodad" server_lookid="1447" draggable="true" on_blocking="true" thickness="100/100">
		<alternate> -- south --
			<item id="1447" chance="10"/>
		</alternate>
		<alternate> -- east --
			<item id="1464" chance="10"/>
		</alternate>
		<alternate> -- north --
			<item id="1463" chance="10"/>
		</alternate>
		<alternate> -- west --
			<item id="1465" chance="10"/>
		</alternate>
	</brush>
	
	<brush name="gargoyle statue" type="doodad" server_lookid="1453" draggable="true" on_blocking="true" thickness="100/100">
		<alternate> -- south --
			<item id="1453" chance="10"/>
		</alternate>
		<alternate> -- east --
			<item id="1455" chance="10"/>
		</alternate>
		<alternate> -- north --
			<item id="1452" chance="10"/>
		</alternate>
		<alternate> -- west --
			<item id="1454" chance="10"/>
		</alternate>
	</brush>
	
	<brush name="gargoyle statue pedestal" type="doodad" server_lookid="1457" draggable="true" on_blocking="true" thickness="100/100">
		<alternate> -- south --
			<item id="1457" chance="10"/>
		</alternate>
		<alternate> -- east --
			<item id="1459" chance="10"/>
		</alternate>
		<alternate> -- north --
			<item id="1456" chance="10"/>
		</alternate>
		<alternate> -- west --
			<item id="1458" chance="10"/>
		</alternate>
	</brush>
	
	<brush name="cobra statue" type="doodad" server_lookid="1467" draggable="true" on_blocking="true" thickness="100/100">
		<alternate> -- south --
			<item id="1467" chance="10"/>
		</alternate>
		<alternate> -- east --
			<item id="1471" chance="10"/>
		</alternate>
		<alternate> -- north --
			<item id="1468" chance="10"/>
		</alternate>
		<alternate> -- west --
			<item id="1470" chance="10"/>
		</alternate>
	</brush>
	
	<brush name="cobra statue pedestal" type="doodad" server_lookid="1466" draggable="true" on_blocking="true" thickness="100/100">
		<alternate> -- south --
			<item id="1466" chance="10"/>
		</alternate>
		<alternate> -- east --
			<item id="1469" chance="10"/>
		</alternate>
	</brush>
	
	<brush name="female statue" type="doodad" server_lookid="3697" draggable="true" on_blocking="true" thickness="100/100">
		<alternate> -- south --
			<item id="3697" chance="10"/>
		</alternate>
		<alternate> -- east --
			<item id="3699" chance="10"/>
		</alternate>
	</brush>
	
	<brush name="female statue with flame" type="doodad" server_lookid="3698" draggable="true" on_blocking="true" thickness="100/100">
		<alternate> -- south --
			<item id="3698" chance="10"/>
		</alternate>
		<alternate> -- east --
			<item id="3700" chance="10"/>
		</alternate>
	</brush>
	
	<brush name="hunter statue" type="doodad" server_lookid="3739" draggable="true" on_blocking="true" thickness="100/100">
		<alternate> -- south --
			<item id="3739" chance="10"/>
		</alternate>
		<alternate> -- east --
			<item id="3740" chance="10"/>
		</alternate>
		<alternate> -- north --
			<item id="3741" chance="10"/>
		</alternate>
		<alternate> -- west --
			<item id="3742" chance="10"/>
		</alternate>
	</brush>
	
	<brush name="broken lizard statue" type="doodad" server_lookid="3702" draggable="true" on_blocking="true" thickness="100/100">
		<alternate> -- south --
			<item id="3702" chance="10"/>
		</alternate>
		<alternate> -- east --
			<item id="3701" chance="10"/>
		</alternate>
		<alternate> -- north --
			<item id="3704" chance="10"/>
		</alternate>
		<alternate> -- west --
			<item id="3703" chance="10"/>
		</alternate>
	</brush>
	
	<brush name="lizard statue" type="doodad" server_lookid="3705" draggable="true" on_blocking="true" thickness="100/100">
		<alternate> -- south --
			<item id="3705" chance="10"/>
		</alternate>
		<alternate> -- east --
			<item id="3706" chance="10"/>
		</alternate>
		<alternate> -- north --
			<item id="3707" chance="10"/>
		</alternate>
		<alternate> -- west --
			<item id="3708" chance="10"/>
		</alternate>
	</brush>
	
	<brush name="giant snake head statue" type="doodad" server_lookid="3717" draggable="true" on_blocking="true" thickness="100/100">
		<composite chance="10">
			<tile x="0" y="0"> <item id="3715"/> </tile>
			<tile x="0" y="1"> <item id="3717"/> </tile>
			<tile x="1" y="0"> <item id="3716"/> </tile>
			<tile x="1" y="1"> <item id="3718"/> </tile>
		</composite>
	</brush>
	
	<brush name="giant snake head statue (open)" type="doodad" server_lookid="3719" draggable="true" on_blocking="true" thickness="100/100">
		<composite chance="10">
			<tile x="0" y="0"> <item id="3719"/> </tile>
			<tile x="0" y="1"> <item id="3721"/> </tile>
			<tile x="1" y="0"> <item id="3720"/> </tile>
			<tile x="1" y="1"> <item id="3722"/> </tile>
		</composite>
	</brush>
	
	<brush name="giant hand statue" type="doodad" server_lookid="3723" draggable="true" on_blocking="true" thickness="100/100">
		<composite chance="10">
			<tile x="0" y="0"> <item id="3723"/> </tile>
			<tile x="0" y="1"> <item id="3725"/> </tile>
			<tile x="1" y="0"> <item id="3724"/> </tile>
			<tile x="1" y="1"> <item id="3726"/> </tile>
		</composite>
	</brush>
	
	<brush name="ancient fountain - off" type="doodad" server_lookid="3729" draggable="true" on_blocking="true" thickness="100/100">
		<alternate>
			<composite chance="10">
				<tile x="0" y="0"> <item id="3733"/> </tile>
				<tile x="0" y="1"> <item id="3735"/> </tile>
				<tile x="1" y="0"> <item id="3734"/> </tile>
				<tile x="1" y="1"> <item id="3736"/> </tile>
			</composite>
		</alternate>
		<alternate>
			<composite chance="10">
				<tile x="0" y="0"> <item id="3729"/> </tile>
				<tile x="0" y="1"> <item id="3731"/> </tile>
				<tile x="1" y="0"> <item id="3730"/> </tile>
				<tile x="1" y="1"> <item id="3732"/> </tile>
			</composite>
		</alternate>
	</brush>
	
	<brush name="ancient fountain - on" type="doodad" server_lookid="3733" draggable="true" on_blocking="true" thickness="100/100">
		<alternate>
			<composite chance="10">
				<tile x="0" y="0"> <item id="3729"/> </tile>
				<tile x="0" y="1"> <item id="3731"/> </tile>
				<tile x="1" y="0"> <item id="3730"/> </tile>
				<tile x="1" y="1"> <item id="3732"/> </tile>
			</composite>
		</alternate>
		<alternate>
			<composite chance="10">
				<tile x="0" y="0"> <item id="3733"/> </tile>
				<tile x="0" y="1"> <item id="3735"/> </tile>
				<tile x="1" y="0"> <item id="3734"/> </tile>
				<tile x="1" y="1"> <item id="3736"/> </tile>
			</composite>
		</alternate>
	</brush>
	
	<brush name="water well" type="doodad" server_lookid="5078" draggable="true" on_blocking="true" thickness="100/100">
		<composite chance="10">
			<tile x="0" y="0"> <item id="5076"/> </tile>
			<tile x="0" y="1"> <item id="5079"/> </tile>
			<tile x="1" y="0"> <item id="5077"/> </tile>
			<tile x="1" y="1"> <item id="5078"/> </tile>
		</composite>
	</brush>
	
	<brush name="lava fountain" type="doodad" server_lookid="5074" draggable="true" on_blocking="true" thickness="100/100">
		<alternate> -- south --
			<item id="5074" chance="10"/>
		</alternate>
		<alternate> -- east --
			<item id="5075" chance="10"/>
		</alternate>
	</brush>
	
	<brush name="marble fountain - off" type="doodad" server_lookid="1370" draggable="true" on_blocking="true" thickness="100/100">
		<alternate>
			<composite chance="10">
				<tile x="0" y="0"> <item id="1370"/> </tile>
				<tile x="0" y="1"> <item id="1372"/> </tile>
				<tile x="1" y="0"> <item id="1371"/> </tile>
				<tile x="1" y="1"> <item id="1373"/> </tile>
			</composite>
		</alternate>
		<alternate>
			<composite chance="10">
				<tile x="0" y="0"> <item id="1374"/> </tile>
				<tile x="0" y="1"> <item id="1376"/> </tile>
				<tile x="1" y="0"> <item id="1375"/> </tile>
				<tile x="1" y="1"> <item id="1377"/> </tile>
			</composite>
		</alternate>
	</brush>
	
	<brush name="marble fountain - on" type="doodad" server_lookid="1374" draggable="true" on_blocking="true" thickness="100/100">
		<alternate>
			<composite chance="10">
				<tile x="0" y="0"> <item id="1374"/> </tile>
				<tile x="0" y="1"> <item id="1376"/> </tile>
				<tile x="1" y="0"> <item id="1375"/> </tile>
				<tile x="1" y="1"> <item id="1377"/> </tile>
			</composite>
		</alternate>
		<alternate>
			<composite chance="10">
				<tile x="0" y="0"> <item id="1370"/> </tile>
				<tile x="0" y="1"> <item id="1372"/> </tile>
				<tile x="1" y="0"> <item id="1371"/> </tile>
				<tile x="1" y="1"> <item id="1373"/> </tile>
			</composite>
		</alternate>
	</brush>
	
	<brush name="normal fountain - off" type="doodad" server_lookid="1364" draggable="true" on_blocking="true" thickness="100/100">
		<alternate>
			<composite chance="10">
				<tile x="0" y="0"> <item id="1364"/> </tile>
				<tile x="0" y="1"> <item id="1366"/> </tile>
				<tile x="1" y="0"> <item id="1365"/> </tile>
				<tile x="1" y="1"> <item id="1367"/> </tile>
			</composite>
		</alternate>
		<alternate>
			<composite chance="10">
				<tile x="0" y="0"> <item id="1360"/> </tile>
				<tile x="0" y="1"> <item id="1362"/> </tile>
				<tile x="1" y="0"> <item id="1361"/> </tile>
				<tile x="1" y="1"> <item id="1363"/> </tile>
			</composite>
		</alternate>
	</brush>
	
	<brush name="normal fountain - on" type="doodad" server_lookid="1360" draggable="true" on_blocking="true" thickness="100/100">
		<alternate>
			<composite chance="10">
				<tile x="0" y="0"> <item id="1360"/> </tile>
				<tile x="0" y="1"> <item id="1362"/> </tile>
				<tile x="1" y="0"> <item id="1361"/> </tile>
				<tile x="1" y="1"> <item id="1363"/> </tile>
			</composite>
		</alternate>
		<alternate>
			<composite chance="10">
				<tile x="0" y="0"> <item id="1364"/> </tile>
				<tile x="0" y="1"> <item id="1366"/> </tile>
				<tile x="1" y="0"> <item id="1365"/> </tile>
				<tile x="1" y="1"> <item id="1367"/> </tile>
			</composite>
		</alternate>
	</brush>
	
	<!-- Beds -->
	
	<brush name="normal bed" type="doodad" server_lookid="1754" draggable="true" on_blocking="true" thickness="100/100">
		<alternate> -- south --
			<composite chance="10">
				<tile x="0" y="0"> <item id="1754"/> </tile>
				<tile x="0" y="1"> <item id="1755"/> </tile>
			</composite>
		</alternate>
		<alternate> -- east --
			<composite chance="10">
				<tile x="0" y="0"> <item id="1760"/> </tile>
				<tile x="1" y="0"> <item id="1761"/> </tile>
			</composite>
		</alternate>
	</brush>
	
	<brush name="normal bed with sleeper" type="doodad" server_lookid="1762" draggable="true" on_blocking="true" thickness="100/100">
		<alternate> -- south --
			<composite chance="10">
				<tile x="0" y="0"> <item id="1762"/> </tile>
				<tile x="0" y="1"> <item id="1763"/> </tile>
			</composite>
		</alternate>
		<alternate> -- east --
			<composite chance="10">
				<tile x="0" y="0"> <item id="1764"/> </tile>
				<tile x="1" y="0"> <item id="1765"/> </tile>
			</composite>
		</alternate>
	</brush>
	
	<brush name="cot" type="doodad" server_lookid="1758" draggable="true" on_blocking="true" thickness="100/100">
		<alternate> -- south --
			<composite chance="10">
				<tile x="0" y="0"> <item id="1758"/> </tile>
				<tile x="0" y="1"> <item id="1759"/> </tile>
			</composite>
		</alternate>
		<alternate> -- east --
			<composite chance="10">
				<tile x="0" y="0"> <item id="1756"/> </tile>
				<tile x="1" y="0"> <item id="1757"/> </tile>
			</composite>
		</alternate>
	</brush>
	
	<brush name="cot with sleeper" type="doodad" server_lookid="1766" draggable="true" on_blocking="true" thickness="100/100">
		<alternate> -- south --
			<composite chance="10">
				<tile x="0" y="0"> <item id="1766"/> </tile>
				<tile x="0" y="1"> <item id="1767"/> </tile>
			</composite>
		</alternate>
		<alternate> -- east --
			<composite chance="10">
				<tile x="0" y="0"> <item id="1768"/> </tile>
				<tile x="1" y="0"> <item id="1769"/> </tile>
			</composite>
		</alternate>
	</brush>
	
	<brush name="hammock" type="doodad" server_lookid="3836" draggable="true" on_blocking="true" thickness="100/100">
		<alternate> -- south --
			<composite chance="10">
				<tile x="0" y="0"> <item id="3836"/> </tile>
				<tile x="0" y="1"> <item id="3837"/> </tile>
			</composite>
		</alternate>
		<alternate> -- east --
			<composite chance="10">
				<tile x="0" y="0"> <item id="3838"/> </tile>
				<tile x="1" y="0"> <item id="3839"/> </tile>
			</composite>
		</alternate>
	</brush>
	
	<brush name="hammock with sleeper" type="doodad" server_lookid="3840" draggable="true" on_blocking="true" thickness="100/100">
		<alternate> -- south --
			<composite chance="10">
				<tile x="0" y="0"> <item id="3840"/> </tile>
				<tile x="0" y="1"> <item id="3841"/> </tile>
			</composite>
		</alternate>
		<alternate> -- east --
			<composite chance="10">
				<tile x="0" y="0"> <item id="3842"/> </tile>
				<tile x="1" y="0"> <item id="3843"/> </tile>
			</composite>
		</alternate>
	</brush>

	<brush name="hay bed" type="doodad" server_lookid="5502" draggable="true" on_blocking="true" thickness="100/100">
		<alternate> -- south --
			<composite chance="10">
				<tile x="0" y="0"> <item id="5502"/> </tile>
				<tile x="0" y="1"> <item id="5503"/> </tile>
			</composite>
		</alternate>
		<alternate> -- east --
			<composite chance="10">
				<tile x="0" y="0"> <item id="5500"/> </tile>
				<tile x="1" y="0"> <item id="5501"/> </tile>
			</composite>
		</alternate>
	</brush>

	<brush name="hay bed with sleeper" type="doodad" server_lookid="5496" draggable="true" on_blocking="true" thickness="100/100">
		<alternate> -- south --
			<composite chance="10">
				<tile x="0" y="0"> <item id="5496"/> </tile>
				<tile x="0" y="1"> <item id="5497"/> </tile>
			</composite>
		</alternate>
		<alternate> -- east --
			<composite chance="10">
				<tile x="0" y="0"> <item id="5498"/> </tile>
				<tile x="1" y="0"> <item id="5499"/> </tile>
			</composite>
		</alternate>
	</brush>
	
	<!-- Magic fields -->
	
	<brush name="fire field (not decaying)" type="doodad" server_lookid="1487" draggable="true" on_blocking="true" thickness="100/100">
		<item id="1487" chance="10"/>
		<item id="1488" chance="10"/>
		<item id="1489" chance="15"/>
	</brush>
	
	<brush name="poison field (not decaying)" type="doodad" server_lookid="1490" draggable="true" on_blocking="true" thickness="100/100">
		<item id="1490" chance="10"/>
	</brush>
	
	<brush name="energy field (not decaying)" type="doodad" server_lookid="1491" draggable="true" on_blocking="true" thickness="100/100">
		<item id="1491" chance="10"/>
	</brush>
	
	<brush name="fire field (decaying)" type="doodad" server_lookid="1487" draggable="true" on_blocking="true" thickness="100/100">
		<item id="1492" chance="10"/>
		<item id="1493" chance="10"/>
		<item id="1494" chance="15"/>
	</brush>
	
	<brush name="poison field (decaying)" type="doodad" server_lookid="1490" draggable="true" on_blocking="true" thickness="100/100">
		<item id="1496" chance="10"/>
	</brush>
	
	<brush name="energy field (decaying)" type="doodad" server_lookid="1491" draggable="true" on_blocking="true" thickness="100/100">
		<item id="1495" chance="10"/>
	</brush>
	
	<brush name="magic wall (not decaying)" type="doodad" server_lookid="1497" draggable="true" on_blocking="true" thickness="100/100">
		<item id="1497" chance="10"/>
	</brush>
	
	<brush name="magic wall (decaying)" type="doodad" server_lookid="1497" draggable="true" on_blocking="true" thickness="100/100">
		<item id="1498" chance="10"/>
	</brush>
	
	<brush name="wild growth (decaying)" type="doodad" server_lookid="1499" draggable="true" on_blocking="true" thickness="100/100">
		<item id="1499" chance="10"/>
	</brush>
	
	<brush name="yellow fire field (decaying)" type="doodad" server_lookid="1500" draggable="true" on_blocking="true" thickness="100/100">
		<item id="1500" chance="10"/>
		<item id="1501" chance="10"/>
		<item id="1502" chance="15"/>
	</brush>
	
	<brush name="poison gas (decaying)" type="doodad" server_lookid="1503" draggable="true" on_blocking="true" thickness="100/100">
		<item id="1503" chance="10"/>
	</brush>
	
	<brush name="yellow energy field (decaying)" type="doodad" server_lookid="1504" draggable="true" on_blocking="true" thickness="100/100">
		<item id="1504" chance="10"/>
	</brush>
	
	<brush name="smoke field (not decaying)" type="doodad" server_lookid="1505" draggable="true" on_blocking="true" thickness="100/100">
		<item id="1505" chance="10"/>
	</brush>
	
	<brush name="searing fire field (decaying)" type="doodad" server_lookid="1506" draggable="true" on_blocking="true" thickness="100/100">
		<item id="1506" chance="10"/>
		<item id="1507" chance="10"/>
		<item id="1508" chance="10"/>
	</brush>
	
	<!-- Table -->
	<brush name="wooden counter" type="table" server_lookid="1617">
		<table align="north"> <item id="1621" chance="10"/> </table>
		<table align="vertical"> <item id="1620" chance="10"/> </table>
		<table align="south"> <item id="1620" chance="10"/> </table>
		<table align="west"> <item id="1617" chance="10"/> </table>
		<table align="horizontal"> <item id="1618" chance="10"/> </table>
		<table align="east"> <item id="1618" chance="10"/> </table>
		<table align="alone"> <item id="1617" chance="10"/> </table>
	</brush>
	
	<brush name="stone altar" type="table" server_lookid="1642">
		<table align="north"> <item id="1644" chance="10"/> </table>
		<table align="vertical"> <item id="1645" chance="10"/> </table>
		<table align="south"> <item id="1645" chance="10"/> </table>
		<table align="west"> <item id="1642" chance="10"/> </table>
		<table align="horizontal"> <item id="1643" chance="10"/> </table>
		<table align="east"> <item id="1643" chance="10"/> </table>
		<table align="alone"> <item id="1642" chance="10"/> </table>
	</brush>
	
	<brush name="bookcase" type="table" server_lookid="1718">
		<table align="north"> <item id="1721" chance="10"/> </table>
		<table align="vertical">
			<item id="1722" chance="10"/>
			<item id="1722" chance="10"/>
		</table>
		<table align="south">
			<item id="1722" chance="10"/>
			<item id="1722" chance="10"/>
		</table>
		<table align="west"> <item id="1718" chance="10"/> </table>
		<table align="horizontal">
			<item id="1719" chance="10"/>
			<item id="1720" chance="10"/>
		</table>
		<table align="east">
			<item id="1719" chance="10"/>
			<item id="1720" chance="10"/>
		</table>
		<table align="alone"> <item id="1718" chance="10"/> </table>
	</brush>
	
	<brush name="decorative altar" type="table" server_lookid="2615">
		<table align="north"> <item id="2606" chance="10"/> </table>
		<table align="vertical"> <item id="2614" chance="10"/> </table>
		<table align="south"> <item id="2607" chance="10"/> </table>
		<table align="west"> <item id="2608" chance="10"/> </table>
		<table align="horizontal"> <item id="2615" chance="10"/> </table>
		<table align="east"> <item id="2609" chance="10"/> </table>
		<table align="alone"> <item id="2615" chance="10"/> </table>
	</brush>
	
	<brush name="big brown table, horizontal" type="carpet" server_lookid="1606">
		<carpet align="n"      id="1606"/>
		<carpet align="s"      id="1603"/>
		<carpet align="cnw"    id="1607"/>
		<carpet align="cne"    id="1605"/>
		<carpet align="cse"    id="1602"/>
		<carpet align="csw"    id="1604"/>
		<carpet align="center" id="1606"/>
	</brush>
	
	<brush name="big brown table, vertical" type="carpet" server_lookid="1611">
		<carpet align="w"      id="1611"/>
		<carpet align="e"      id="1610"/>
		<carpet align="cnw"    id="1613"/>
		<carpet align="cne"    id="1612"/>
		<carpet align="cse"    id="1608"/>
		<carpet align="csw"    id="1609"/>
		<carpet align="center" id="1611"/>
	</brush>
	
	<brush name="store counter" type="wall" server_lookid="1636">
		<wall type="pole">               <item id="1623" chance="1"/> </wall>
		<wall type="horizontal">
			<item id="1623" chance="1"/>
			<door id="1636" type="any door" open="false" hate="true"/>
			<door id="1637" type="any door" open="true"  hate="true"/>
		</wall>
		<wall type="vertical">
			<item id="1622" chance="1"/>
			<door id="1634" type="any door" open="false" hate="true"/>
			<door id="1635" type="any door" open="true"  hate="true"/>
		</wall>
		<wall type="south end">          <item id="1625" chance="1"/> </wall>
		<wall type="east end">           <item id="1627" chance="1"/> </wall>
		<wall type="north end">          <item id="1624" chance="1"/> </wall>
		<wall type="west end">           <item id="1626" chance="1"/> </wall>
		<wall type="northeast diagonal"> <item id="1628" chance="1"/> </wall>
		<wall type="northwest diagonal"> <item id="1629" chance="1"/> </wall>
		<wall type="southeast diagonal"> <item id="1630" chance="1"/> </wall>
		<wall type="southwest diagonal"> <item id="1631" chance="1"/> </wall>
	</brush>
	
	<brush name="fence" type="wall" server_lookid="1535">
		<wall type="pole">               <item id="1533" chance="1"/> </wall>
		<wall type="horizontal">
			<item id="1536" chance="1"/>
			<item id="1537" chance="0"/>
			<door id="1541" type="any door" open="false" hate="true"/>
			<door id="1542" type="any door" open="true"  hate="true"/>
		</wall>
		<wall type="vertical">
			<item id="1534" chance="1"/>
			<item id="1538" chance="0"/>
			<door id="1539" type="any door" open="false" hate="true"/>
			<door id="1540" type="any door" open="true"  hate="true"/>
		</wall>
		<wall type="corner">             <item id="1535" chance="1"/> </wall>
	</brush>
	
	<brush name="steel bars" type="wall" server_lookid="1545">
		<wall type="pole">               <item id="89" chance="1"/> </wall> -->
		<wall type="horizontal">         <item id="1544" chance="1"/> </wall>
		<wall type="vertical">           <item id="1543" chance="1"/> </wall>
		<wall type="corner">             <item id="1544" chance="1"/> </wall>
	</brush>
	
	<brush name="steel rebar" type="wall" server_lookid="1547">
		<wall type="pole">               <item id="88" chance="1"/> </wall>
		<wall type="horizontal">         <item id="1547" chance="1"/> </wall>
		<wall type="vertical">           <item id="1546" chance="1"/> </wall>
		<wall type="corner">             <item id="1546" chance="1"/> </wall> <!-- Temporary solution until multiple items are allowed! -->
		<!-- <wall type="corner">             <item id="1545" chance="1"/> </wall> -->
	</brush>
	
	<brush name="dark fence" type="wall" server_lookid="1601">
		<wall type="pole">               <item id="1598" chance="1"/> </wall>
		<wall type="horizontal">
			<item id="1600" chance="1"/>
			<item id="1599" chance="0"/>
		</wall>
		<wall type="vertical">
			<item id="1596" chance="1"/>
			<item id="1597" chance="0"/>
		</wall>
		<wall type="northwest diagonal"> <item id="1601" chance="1"/> </wall>
		<wall type="northeast diagonal"> <item id="1594" chance="1"/> </wall>
		<wall type="southwest diagonal"> <item id="1595" chance="1"/> </wall>
	</brush>
	
	<!-- Wall decoration -->
	
	<brush name="hanging skull" type="doodad" on_blocking="true" server_lookid="5016">
		<alternate> -- south --
			<item id="5016" chance="3"/>
		</alternate>
		<alternate> -- east --
			<item id="5017" chance="3"/>
		</alternate>
	</brush>
	
	<brush name="pirate emblem" type="doodad" on_blocking="true" server_lookid="5617">
		<alternate> -- south --
			<item id="5617" chance="3"/>
		</alternate>
		<alternate> -- east --
			<item id="5618" chance="3"/>
		</alternate>
	</brush>
	
	<brush name="archer's shop sign" type="doodad" on_blocking="true" server_lookid="5388">
		<alternate> -- south --
			<item id="5389" chance="3"/>
		</alternate>
		<alternate> -- east --
			<item id="5388" chance="3"/>
		</alternate>
	</brush>
	
	<brush name="armor shop sign" type="doodad" on_blocking="true" server_lookid="5386">
		<alternate> -- south --
			<item id="5387" chance="3"/>
		</alternate>
		<alternate> -- east --
			<item id="5386" chance="3"/>
		</alternate>
	</brush>
	
	<brush name="weapon shop sign" type="doodad" on_blocking="true" server_lookid="5384">
		<alternate> -- south --
			<item id="5385" chance="3"/>
		</alternate>
		<alternate> -- east --
			<item id="5384" chance="3"/>
		</alternate>
	</brush>
	
	<brush name="tool shop sign" type="doodad" on_blocking="true" server_lookid="5382">
		<alternate> -- south --
			<item id="5383" chance="3"/>
		</alternate>
		<alternate> -- east --
			<item id="5382" chance="3"/>
		</alternate>
	</brush>
	
	<brush name="food shop sign" type="doodad" on_blocking="true" server_lookid="5380">
		<alternate> -- south --
			<item id="5381" chance="3"/>
		</alternate>
		<alternate> -- east --
			<item id="5380" chance="3"/>
		</alternate>
	</brush>
	
	<brush name="furniture shop sign" type="doodad" on_blocking="true" server_lookid="5378">
		<alternate> -- south --
			<item id="5379" chance="3"/>
		</alternate>
		<alternate> -- east --
			<item id="5378" chance="3"/>
		</alternate>
	</brush>
	
	<brush name="grape shop sign" type="doodad" on_blocking="true" server_lookid="5376">
		<alternate> -- south --
			<item id="5377" chance="3"/>
		</alternate>
		<alternate> -- east --
			<item id="5376" chance="3"/>
		</alternate>
	</brush>
	
	<brush name="banana shop sign" type="doodad" on_blocking="true" server_lookid="5374">
		<alternate> -- south --
			<item id="5375" chance="3"/>
		</alternate>
		<alternate> -- east --
			<item id="5374" chance="3"/>
		</alternate>
	</brush>
	
	<brush name="depot sign" type="doodad" on_blocking="true" server_lookid="5372">
		<alternate> -- south --
			<item id="5373" chance="3"/>
		</alternate>
		<alternate> -- east --
			<item id="5372" chance="3"/>
		</alternate>
	</brush>
	
	<brush name="post sign" type="doodad" on_blocking="true" server_lookid="5370">
		<alternate> -- south --
			<item id="5371" chance="3"/>
		</alternate>
		<alternate> -- east --
			<item id="5370" chance="3"/>
		</alternate>
	</brush>
	
	<brush name="gem shop sign" type="doodad" on_blocking="true" server_lookid="5368">
		<alternate> -- south --
			<item id="5369" chance="3"/>
		</alternate>
		<alternate> -- east --
			<item id="5368" chance="3"/>
		</alternate>
	</brush>
	
	<brush name="tavern sign" type="doodad" on_blocking="true" server_lookid="5366">
		<alternate> -- south --
			<item id="5367" chance="3"/>
		</alternate>
		<alternate> -- east --
			<item id="5366" chance="3"/>
		</alternate>
	</brush>
	
	<brush name="book shop sign" type="doodad" on_blocking="true" server_lookid="5364">
		<alternate> -- south --
			<item id="5365" chance="3"/>
		</alternate>
		<alternate> -- east --
			<item id="5364" chance="3"/>
		</alternate>
	</brush>
	
	<brush name="fluid shop sign" type="doodad" on_blocking="true" server_lookid="5362">
		<alternate> -- south --
			<item id="5363" chance="3"/>
		</alternate>
		<alternate> -- east --
			<item id="5362" chance="3"/>
		</alternate>
	</brush>
	
	<brush name="large shop sign" type="doodad" on_blocking="true" server_lookid="5360">
		<alternate> -- south --
			<item id="5361" chance="3"/>
		</alternate>
		<alternate> -- east --
			<item id="5360" chance="3"/>
		</alternate>
	</brush>
	
	<brush name="large archer's shop sign" type="doodad" on_blocking="true" server_lookid="5354">
		<alternate> -- south --
			<item id="5354" chance="3"/>
		</alternate>
		<alternate> -- east --
			<item id="5355" chance="3"/>
		</alternate>
	</brush>
	
	<brush name="large armor shop sign" type="doodad" on_blocking="true" server_lookid="5358">
		<alternate> -- south --
			<item id="5358" chance="3"/>
		</alternate>
		<alternate> -- east --
			<item id="5359" chance="3"/>
		</alternate>
	</brush>
	
	<brush name="large weapon shop sign" type="doodad" on_blocking="true" server_lookid="5336">
		<alternate> -- south --
			<item id="5336" chance="3"/>
		</alternate>
		<alternate> -- east --
			<item id="5337" chance="3"/>
		</alternate>
	</brush>
	
	<brush name="large tool shop sign" type="doodad" on_blocking="true" server_lookid="5348">
		<alternate> -- south --
			<item id="5348" chance="3"/>
		</alternate>
		<alternate> -- east --
			<item id="5349" chance="3"/>
		</alternate>
	</brush>
	
	<brush name="large food shop sign" type="doodad" on_blocking="true" server_lookid="5342">
		<alternate> -- south --
			<item id="5342" chance="3"/>
		</alternate>
		<alternate> -- east --
			<item id="5343" chance="3"/>
		</alternate>
	</brush>
	
	<brush name="large furniture shop sign" type="doodad" on_blocking="true" server_lookid="5340">
		<alternate> -- south --
			<item id="5340" chance="3"/>
		</alternate>
		<alternate> -- east --
			<item id="5341" chance="3"/>
		</alternate>
	</brush>
	
	<brush name="large grape shop sign" type="doodad" on_blocking="true" server_lookid="5344">
		<alternate> -- south --
			<item id="5344" chance="3"/>
		</alternate>
		<alternate> -- east --
			<item id="5345" chance="3"/>
		</alternate>
	</brush>
	
	<brush name="large banana shop sign" type="doodad" on_blocking="true" server_lookid="5346">
		<alternate> -- south --
			<item id="5346" chance="3"/>
		</alternate>
		<alternate> -- east --
			<item id="5347" chance="3"/>
		</alternate>
	</brush>
	
	<brush name="large depot sign" type="doodad" on_blocking="true" server_lookid="5352">
		<alternate> -- south --
			<item id="5352" chance="3"/>
		</alternate>
		<alternate> -- east --
			<item id="5353" chance="3"/>
		</alternate>
	</brush>
	
	<brush name="large post sign" type="doodad" on_blocking="true" server_lookid="5350">
		<alternate> -- south --
			<item id="5350" chance="3"/>
		</alternate>
		<alternate> -- east --
			<item id="5351" chance="3"/>
		</alternate>
	</brush>
	
	<brush name="large gem shop sign" type="doodad" on_blocking="true" server_lookid="5338">
		<alternate> -- south --
			<item id="5338" chance="3"/>
		</alternate>
		<alternate> -- east --
			<item id="5339" chance="3"/>
		</alternate>
	</brush>
	
	<brush name="large tavern sign" type="doodad" on_blocking="true" server_lookid="5336">
		<alternate> -- south --
			<item id="5336" chance="3"/>
		</alternate>
		<alternate> -- east --
			<item id="5337" chance="3"/>
		</alternate>
	</brush>
	
	<brush name="large book shop sign" type="doodad" on_blocking="true" server_lookid="5334">
		<alternate> -- south --
			<item id="5335" chance="3"/>
		</alternate>
		<alternate> -- east --
			<item id="5334" chance="3"/>
		</alternate>
	</brush>
	
	<brush name="large fluid shop sign" type="doodad" on_blocking="true" server_lookid="5332">
		<alternate> -- south --
			<item id="5333" chance="3"/>
		</alternate>
		<alternate> -- east --
			<item id="5332" chance="3"/>
		</alternate>
	</brush>
	
	
	<brush name="hanging swords" type="doodad" on_blocking="true" server_lookid="5596">
		<alternate> -- south --
			<item id="5596" chance="3"/>
		</alternate>
		<alternate> -- east --
			<item id="5597" chance="3"/>
		</alternate>
	</brush>
	
	<brush name="glowing hanging skull" type="doodad" on_blocking="true" server_lookid="5020">
		<alternate> -- south --
			<item id="5020" chance="3"/>
		</alternate>
		<alternate> -- east --
			<item id="5021" chance="3"/>
		</alternate>
	</brush>
	
	<brush name="hanging triple skull" type="doodad" on_blocking="true" server_lookid="5018">
		<alternate> -- south --
			<item id="5018" chance="3"/>
		</alternate>
		<alternate> -- east --
			<item id="5019" chance="3"/>
		</alternate>
	</brush>
	
	<brush name="head stone cobra" type="doodad" on_blocking="true" server_lookid="5058">
		<alternate> -- south --
			<item id="5058" chance="1"/>
		</alternate>
		<alternate> -- east --
			<item id="5060" chance="1"/>
		</alternate>
	</brush>
	
	<brush name="head stone cobra with fumes" type="doodad" on_blocking="true" server_lookid="5057">
		<alternate> -- south --
			<item id="5057" chance="1"/>
		</alternate>
		<alternate> -- east --
			<item id="5059" chance="1"/>
		</alternate>
	</brush>
	
	<brush name="simple wallsign" type="doodad" on_blocking="true" server_lookid="1440">
		<alternate> -- south --
			<item id="1440" chance="1"/>
		</alternate>
		<alternate> -- east --
			<item id="1441" chance="1"/>
		</alternate>
	</brush>
	
	<brush name="cobra wall statue" type="doodad" on_blocking="true" server_lookid="1474">
		<alternate> -- south --
			<item id="1474" chance="1"/>
		</alternate>
		<alternate> -- east --
			<item id="1472" chance="1"/>
		</alternate>
	</brush>
	
	<brush name="cobra statue socket" type="doodad" on_blocking="true" server_lookid="1475">
		<alternate> -- south --
			<item id="1475" chance="1"/>
		</alternate>
		<alternate> -- east --
			<item id="1473" chance="1"/>
		</alternate>
	</brush>
	
	<brush name="blackboard" type="doodad" on_blocking="true" server_lookid="1811">
		<alternate> -- south --
			<item id="1811" chance="1"/>
		</alternate>
		<alternate> -- east --
			<item id="1818" chance="1"/>
		</alternate>
	</brush>
	
	<brush name="wall lamp" type="doodad" on_blocking="true" server_lookid="2039">
		<alternate> -- south --
			<item id="2039" chance="1"/>
		</alternate>
		<alternate> -- east --
			<item id="2037" chance="1"/>
		</alternate>
	</brush>
	
	<brush name="wall lamp - lit" type="doodad" on_blocking="true" server_lookid="2040">
		<alternate> -- south --
			<item id="2040" chance="1"/>
		</alternate>
		<alternate> -- east --
			<item id="2038" chance="1"/>
		</alternate>
	</brush>
	
	<brush name="wall torch" type="doodad" on_blocking="true" server_lookid="2058">
		<alternate> -- south --
			<item id="2058" chance="1"/>
		</alternate>
		<alternate> -- east --
			<item id="2060" chance="1"/>
		</alternate>
	</brush>
	
	<brush name="wall torch - lit" type="doodad" on_blocking="true" server_lookid="2059">
		<alternate> -- south --
			<item id="2059" chance="1"/>
		</alternate>
		<alternate> -- east --
			<item id="2061" chance="1"/>
		</alternate>
	</brush>
	
	<brush name="bambu wall torch" type="doodad" on_blocking="true" server_lookid="2068">
		<alternate> -- south --
			<item id="2068" chance="1"/>
		</alternate>
		<alternate> -- east --
			<item id="2066" chance="1"/>
		</alternate>
	</brush>
	
	<brush name="bambu wall torch - lit" type="doodad" on_blocking="true" server_lookid="2069">
		<alternate> -- south --
			<item id="2069" chance="1"/>
		</alternate>
		<alternate> -- east --
			<item id="2067" chance="1"/>
		</alternate>
	</brush>
	
	<brush name="wall candle" type="doodad" on_blocking="true" server_lookid="3945">
		<alternate> -- south --
			<item id="3945" chance="1"/>
		</alternate>
		<alternate> -- east --
			<item id="3943" chance="1"/>
		</alternate>
	</brush>
	
	<brush name="wall candle - lit" type="doodad" on_blocking="true" server_lookid="3944">
		<alternate> -- south --
			<item id="3944" chance="1"/>
		</alternate>
		<alternate> -- east --
			<item id="3946" chance="1"/>
		</alternate>
	</brush>
	
	<brush name="cage wall lamp" type="doodad" on_blocking="true" server_lookid="3949">
		<alternate> -- south --
			<item id="3949" chance="1"/>
		</alternate>
		<alternate> -- east --
			<item id="3947" chance="1"/>
		</alternate>
	</brush>
	
	<brush name="cage wall lamp - lit" type="doodad" on_blocking="true" server_lookid="3950">
		<alternate> -- south --
			<item id="3950" chance="1"/>
		</alternate>
		<alternate> -- east --
			<item id="3948" chance="1"/>
		</alternate>
	</brush>
	
	<brush name="brown mammoth fur" type="doodad" on_blocking="true" server_lookid="6978">
		<alternate> -- south --
			<item id="6978" chance="1"/>
		</alternate>
		<alternate> -- east --
			<item id="6979" chance="1"/>
		</alternate>
	</brush>
	
	<brush name="hanging fish" type="doodad" on_blocking="true" server_lookid="6984">
		<alternate> -- south --
			<item id="6984" chance="1"/>
		</alternate>
		<alternate> -- east --
			<item id="6985" chance="1"/>
		</alternate>
	</brush>
	
	
	<brush name="green fungi" type="wall decoration" on_blocking="true" server_lookid="1921">
		<wall type="horizontal">
			<item id="1921" chance="3"/>
			<item id="1922" chance="1"/>
			<door id="1924" type="any window" open="false"/>
		</wall>
		<wall type="vertical">
			<item id="1928" chance="3"/>
			<item id="1929" chance="1"/>
			<door id="1930" type="any window" open="false"/>
		</wall>
		<wall type="corner">
			<item id="1925" chance="1"/>
		</wall>
		<wall type="pole">
			<item id="1923" chance="1"/>
		</wall>
	</brush>
	
	<brush name="mossy wall" type="wall decoration" on_blocking="true" server_lookid="1933">
		<wall type="horizontal">
			<item id="1933" chance="3"/>
			<item id="1934" chance="0"/>
			<door id="1941" type="any window" open="false"/>
		</wall>
		<wall type="vertical">
			<item id="1937" chance="3"/>
			<item id="1938" chance="0"/>
			<door id="1944" type="any window" open="false"/>
		</wall>
		<wall type="corner">
			<item id="1943" chance="1"/>
		</wall>
		<wall type="pole">
			<item id="1942" chance="1"/>
		</wall>
	</brush>
	
	<!-- Carpet -->
	
	<brush name="brown bear skin rug" type="doodad" server_lookid="3855" draggable="true" on_blocking="true" thickness="100/100">
		<composite chance="10">
			<tile x="0" y="0"> <item id="3852"/> </tile>
			<tile x="1" y="0"> <item id="3853"/> </tile>
			<tile x="0" y="1"> <item id="3854"/> </tile>
			<tile x="1" y="1"> <item id="3855"/> </tile>
		</composite>
	</brush>
	
	<brush name="white bear skin rug" type="doodad" server_lookid="3859" draggable="true" on_blocking="true" thickness="100/100">
		<composite chance="10">
			<tile x="0" y="0"> <item id="3856"/> </tile>
			<tile x="1" y="0"> <item id="3857"/> </tile>
			<tile x="0" y="1"> <item id="3858"/> </tile>
			<tile x="1" y="1"> <item id="3859"/> </tile>
		</composite>
	</brush>
	
	<brush name="bear skin rug" type="doodad" server_lookid="3855" draggable="true" on_blocking="true" thickness="100/100">
		<item chance="10" id="3860"/>
	</brush>
	
	<brush name="red carpet" type="carpet" server_lookid="4398">
		<carpet align="n"      id="4401"/>
		<carpet align="e"      id="4397"/>
		<carpet align="s"      id="4395"/>
		<carpet align="w"      id="4399"/>
		<carpet align="cnw"    id="4402"/>
		<carpet align="cne"    id="4400"/>
		<carpet align="cse"    id="4394"/>
		<carpet align="csw"    id="4396"/>
		<carpet align="center" id="4398"/>
	</brush>
	
	<brush name="blue carpet" type="carpet" server_lookid="5573">
		<carpet align="n"      id="5576"/>
		<carpet align="e"      id="5572"/>
		<carpet align="s"      id="5570"/>
		<carpet align="w"      id="5574"/>
		<carpet align="cnw"    id="5577"/>
		<carpet align="cne"    id="5575"/>
		<carpet align="cse"    id="5569"/>
		<carpet align="csw"    id="5571"/>
		<carpet align="center" id="5573"/>
	</brush>
	
	<brush name="green carpet" type="carpet" server_lookid="5582">
		<carpet align="n"      id="5585"/>
		<carpet align="e"      id="5581"/>
		<carpet align="s"      id="5579"/>
		<carpet align="w"      id="5583"/>
		<carpet align="cnw"    id="5586"/>
		<carpet align="cne"    id="5584"/>
		<carpet align="cse"    id="5578"/>
		<carpet align="csw"    id="5580"/>
		<carpet align="center" id="5582"/>
	</brush>
	
	<brush name="brown carpet" type="carpet" server_lookid="5591">
		<carpet align="n"      id="5594"/>
		<carpet align="e"      id="5590"/>
		<carpet align="s"      id="5588"/>
		<carpet align="w"      id="5592"/>
		<carpet align="cnw"    id="5595"/>
		<carpet align="cne"    id="5593"/>
		<carpet align="cse"    id="5587"/>
		<carpet align="csw"    id="5589"/>
		<carpet align="center" id="5591"/>
	</brush>
	
	<!-- random shit -->
	
	<brush name="railways" type="wall" server_lookid="7122">
		<wall type="pole">               <item id="7122" chance="1"/> </wall>
		<wall type="horizontal">         <item id="7122" chance="1"/> </wall>
		<wall type="vertical">           <item id="7121" chance="1"/> </wall>
		<wall type="south end">          <item id="7134" chance="1"/> </wall>
		<wall type="east end">           <item id="7136" chance="1"/> </wall>
		<wall type="north end">          <item id="7133" chance="1"/> </wall>
		<wall type="west end">           <item id="7135" chance="1"/> </wall>
		<wall type="northeast diagonal"> <item id="7125" chance="1"/> </wall>
		<wall type="northwest diagonal"> <item id="7126" chance="1"/> </wall>
		<wall type="southeast diagonal"> <item id="7123" chance="1"/> </wall>
		<wall type="southwest diagonal"> <item id="7124" chance="1"/> </wall>
		<wall type="south T">            <item id="7129" chance="1"/> </wall>
		<wall type="north T">            <item id="7128" chance="1"/> </wall>
		<wall type="east T">             <item id="7127" chance="1"/> </wall>
		<wall type="west T">             <item id="7130" chance="1"/> </wall>
	</brush>
	
	<brush name="railway cart" type="doodad" server_lookid="7132" draggable="true" on_blocking="true" thickness="100/100">
		<alternate> -- south --
			<item id="7132" chance="10"/>
		</alternate>
		<alternate> -- east --
			<item id="7131" chance="10"/>
		</alternate>
	</brush>
	
	<!-- Trash -->
	
	<brush name="broken bottles" type="doodad" server_lookid="2024" draggable="true" on_blocking="true" thickness="6/10">
		<item id="2024" chance="10"/>
		<item id="2022" chance="10"/>
		<item id="2232" chance="10"/>
		<item id="2233" chance="10"/>
	</brush>
	
	<brush name="bones" type="doodad" server_lookid="2231" draggable="true" on_blocking="true" thickness="6/10">
		<item id="2231" chance="10"/>
		<item id="2230" chance="10"/>
		<item id="2229" chance="10"/>
	</brush>
	
	<brush name="rotten food" type="doodad" server_lookid="2227" draggable="true" on_blocking="true" thickness="6/10">
		<item id="2226" chance="10"/>
		<item id="2227" chance="10"/>
		<item id="2219" chance="10"/>
		<item id="2235" chance="10"/>
		<item id="2240" chance="10"/>
	</brush>
	
	<brush name="rubbish" type="doodad" server_lookid="2242" draggable="true" on_blocking="true" thickness="6/10">
		<item id="2225" chance="10"/>
		<item id="2224" chance="10"/>
		<item id="2223" chance="10"/>
		<item id="2241" chance="10"/>
		<item id="2242" chance="10"/>
		<item id="2221" chance="10"/>
		<item id="2228" chance="10"/>
	</brush>
	
	<brush name="leaves" type="doodad" server_lookid="2244" draggable="true" on_blocking="true" thickness="6/10">
		<item id="2244" chance="10"/>
		<item id="2245" chance="10"/>
	</brush>
	
	<brush name="bamboo garbage" type="doodad" server_lookid="3958" draggable="true" on_blocking="true" thickness="6/10">
		<item id="3958" chance="10"/>
		<item id="3959" chance="10"/>
	</brush>
	
	<brush name="wooden trash" type="doodad" server_lookid="2250" draggable="true" on_blocking="true" thickness="6/10">
		<item id="2250" chance="10"/>
		<item id="2251" chance="10"/>
		<item id="2252" chance="10"/>
		<item id="2253" chance="10"/>
		<item id="2254" chance="10"/>
		<item id="2255" chance="10"/>
	</brush>
	
	<brush name="metal trash" type="doodad" server_lookid="2256" draggable="true" on_blocking="true" thickness="6/10">
		<item id="2256" chance="10"/>
		<item id="2257" chance="10"/>
		<item id="2258" chance="10"/>
		<item id="2259" chance="10"/>
	</brush>
</materials>