<materialsextension name="Jungle Doodads" author="Remere" description="This adds most of the missing Jungle doodads" client="8.00;8.10;8.20 - 8.31"> 

    <brush name="jungle trees" type="doodad" server_lookid="4008" draggable="true" on_blocking="false" thickness="11/90"> 
        <item id="4007" chance="10"/> 
        <item id="4008" chance="10"/> 
        <item id="4009" chance="10"/> 
    </brush>
	
    <brush name="jungle bushes" type="doodad" server_lookid="4010" draggable="true" on_blocking="false" thickness="11/90"> 
        <item id="4010" chance="10"/> 
        <item id="4011" chance="10"/> 
        <item id="4012" chance="10"/> 
        <item id="4013" chance="10"/> 
        <item id="4014" chance="10"/> 
        <item id="4015" chance="10"/>
        <item id="4017" chance="10"/>  
        <item id="4134" chance="10"/> 
        <item id="4135" chance="10"/> 
    </brush>
    
    <brush name="jungle umbrellas" type="doodad" server_lookid="4019" draggable="true" on_blocking="false" thickness="11/90"> 
        <item id="4019" chance="10"/> 
        <item id="4020" chance="10"/> 
        <item id="4021" chance="10"/> 
        <item id="4022" chance="10"/> 
        <item id="4023" chance="10"/> 
        <item id="4024" chance="10"/> 
    </brush> 
    
    <brush name="jungle giant flowers" type="doodad" server_lookid="4016" draggable="true" on_blocking="false" thickness="11/90"> 
        <item id="4016" chance="10"/> 
        <item id="4136" chance="10"/> 
        <item id="4137" chance="10"/> 
        <item id="4140" chance="10"/> 
        <item id="4141" chance="10"/> 
        <item id="4142" chance="10"/> 
        <item id="4143" chance="10"/> 
		<composite chance="10">
			<tile x="0" y="0"> <item id="4144"/> </tile>
			<tile x="1" y="0"> <item id="4145"/> </tile>
			<tile x="0" y="1"> <item id="4146"/> </tile>
			<tile x="1" y="1"> <item id="4147"/> </tile>
		</composite>
        <item id="4148" chance="10"/> 
        <item id="4149" chance="10"/> 
		<composite chance="10">
			<tile x="0" y="0"> <item id="4159"/> </tile>
			<tile x="1" y="0"> <item id="4160"/> </tile>
			<tile x="0" y="1"> <item id="4161"/> </tile>
			<tile x="1" y="1"> <item id="4162"/> </tile>
		</composite>
        <item id="4163" chance="10"/> 
        <item id="4185" chance="10"/> 
    </brush>
	
    <brush name="pearl flowers" type="doodad" server_lookid="4165" draggable="true" on_blocking="false" thickness="11/90"> 
        <item id="4164" chance="10"/> 
        <item id="4165" chance="10"/> 
        <item id="4166" chance="10"/> 
	</brush>
	
    <brush name="jungle flowers" type="doodad" server_lookid="4138" draggable="true" on_blocking="false" thickness="11/90"> 
        <item id="4138" chance="10"/> 
        <item id="4139" chance="10"/> 
        <item id="4155" chance="10"/> 
	</brush>
	
    <brush name="giant ball mushrooms" type="doodad" server_lookid="4184" draggable="true" on_blocking="false" thickness="11/90"> 
        <item id="4184" chance="10"/>
	</brush>
	
	-- This extends upon the normal small mushrooms brush --
    <brush name="small mushrooms" type="doodad"> 
        <item id="4182" chance="10"/>
        <item id="4183" chance="10"/>
	</brush>
	
	<brush name="skinny branches" type="wall" server_lookid="4047">
		<wall type="horizontal">         <item id="4042" chance="1"/> </wall>
		<wall type="vertical">           <item id="4048" chance="1"/> </wall>
		<wall type="pole">               <item id="4047" chance="1"/> </wall>
		<wall type="intersection">
			<item id="4063" chance="1"/>
			<item id="4045" chance="1"/>
			<item id="4051" chance="1"/>
			<item id="4056" chance="1"/>
			<item id="4061" chance="1"/>
		</wall>
		<wall type="south end">          <item id="4052" chance="1"/> </wall>
		<wall type="east end">           <item id="4046" chance="1"/> </wall>
		<wall type="north end">          <item id="4047" chance="1"/> </wall>
		<wall type="west end">           <item id="4041" chance="1"/> </wall>
		<wall type="northeast diagonal"> <item id="4066" chance="1"/> </wall>
		<wall type="northwest diagonal"> <item id="4067" chance="1"/> </wall>
		<wall type="southeast diagonal"> <item id="4064" chance="1"/> </wall>
		<wall type="southwest diagonal"> <item id="4065" chance="1"/> </wall>
		<wall type="south T">            <item id="4044" chance="1"/> </wall>
		<wall type="east T">             <item id="4055" chance="1"/> </wall>
		<wall type="north T">            <item id="4043" chance="1"/> </wall>
		<wall type="west T">             <item id="4054" chance="1"/> </wall>
	</brush>
	
	-- Add some exceptions --
	<brush name="branches" type="wall">
		<wall type="north T"> 
			<item id="4233" chance="1"/>
			<item id="4234" chance="1"/>
		</wall>
		<wall type="south T"> 
			<item id="4233" chance="1"/>
			<item id="4234" chance="1"/>
		</wall>
		<wall type="east T"> 
			<item id="4231" chance="1"/>
			<item id="4232" chance="1"/>
		</wall>
		<wall type="west T"> 
			<item id="4231" chance="1"/>
			<item id="4232" chance="1"/>
		</wall>
		<wall type="untouchable">
			<item id="4216" chance="0"/>
			<item id="4217" chance="0"/>
			<item id="4218" chance="0"/>
			<item id="4219" chance="0"/>
			<item id="4220" chance="0"/>
			<item id="4221" chance="0"/>
			<item id="4222" chance="0"/>
		</wall>
	</brush>
	
    <brush name="thick tree" type="doodad" server_lookid="4037" draggable="true" on_blocking="false" thickness="7/90"> 
		<composite chance="10">
			<tile x="0" y="0"> <item id="4037"/> </tile>
			<tile x="1" y="0"> <item id="4039"/> </tile>
			<tile x="0" y="1"> <item id="4038"/> </tile>
			<tile x="1" y="1"> <item id="4040"/> </tile>
		</composite>
	</brush>
	
    <brush name="thick tree with roots" type="doodad" server_lookid="4221" draggable="true" on_blocking="false" thickness="7/90"> 
		<composite chance="10">
			<tile x="0" y="0"> <item id="4037"/> </tile>
			<tile x="1" y="0"> <item id="4220"/> </tile>
			<tile x="0" y="1"> <item id="4222"/> </tile>
			<tile x="1" y="1"> <item id="4221"/> </tile>
		</composite>
		<composite chance="10">
			<tile x="0" y="0"> <item id="4037"/> </tile>
			<tile x="1" y="0"> <item id="4216"/> </tile>
			<tile x="0" y="1"> <item id="4218"/> </tile>
			<tile x="1" y="1"> <item id="4217"/> </tile>
		</composite>
	</brush>
	
    <brush name="thick tree with vines" type="doodad" server_lookid="4068" draggable="true" on_blocking="false" thickness="7/90"> 
		<composite chance="10">
			<tile x="0" y="0"> <item id="4037"/> <item id="4068"/> </tile>
			<tile x="1" y="0"> <item id="4039"/> <item id="4069"/> </tile>
			<tile x="0" y="1"> <item id="4038"/> <item id="4071"/> </tile>
			<tile x="1" y="1"> <item id="4040"/> <item id="4070"/> </tile>
		</composite>
	</brush>
	
    <brush name="thick tree with roots and vines" type="doodad" server_lookid="4072" draggable="true" on_blocking="false" thickness="7/90"> 
		<composite chance="10">
			<tile x="0" y="0"> <item id="4037"/> <item id="4068"/> </tile>
			<tile x="1" y="0"> <item id="4220"/> <item id="4069"/> </tile>
			<tile x="0" y="1"> <item id="4222"/> <item id="4071"/> </tile>
			<tile x="1" y="1"> <item id="4221"/> <item id="4070"/> </tile>
		</composite>
		<composite chance="10">
			<tile x="0" y="0"> <item id="4037"/> <item id="4068"/> </tile>
			<tile x="1" y="0"> <item id="4216"/> <item id="4069"/> </tile>
			<tile x="0" y="1"> <item id="4218"/> <item id="4071"/> </tile>
			<tile x="1" y="1"> <item id="4217"/> <item id="4070"/> </tile>
		</composite>
	</brush>

    <brush name="cactus" type="doodad" server_lookid="2723" draggable="true" on_blocking="false" thickness="11/90"> 
        <item id="2723" chance="10"/> 
        <item id="2727" chance="10"/> 
        <item id="2732" chance="10"/> 
        <item id="2733" chance="10"/> 
        <item id="2736" chance="10"/> 
    </brush>

    <brush name="spiky cactus" type="doodad" server_lookid="2728" draggable="true" on_blocking="false" thickness="11/90"> 
        <item id="2724" chance="10"/> 
        <item id="2728" chance="10"/> 
        <item id="2729" chance="10"/> 
        <item id="2730" chance="10"/> 
        <item id="2731" chance="10"/> 
        <item id="2734" chance="10"/> 
        <item id="2735" chance="10"/> 
    </brush>
	
    <tileset name="Nature"> 
        <doodad> 
			<brush name="cactus" after="roses"/>
			<brush name="spiky cactus" after="roses"/>
			<brush name="thick tree with roots and vines" after="tree crown"/>
			<brush name="thick tree with vines" after="tree crown"/>
			<brush name="thick tree with roots" after="tree crown"/>
			<brush name="thick tree" after="tree crown"/>
			<brush name="skinny branches" after="branches"/>
            <brush name="jungle trees" after="bamboo plant"/>
            <brush name="jungle bushes" after="bamboo plant"/>
            <brush name="jungle umbrellas" after="bamboo plant"/>
            <brush name="jungle giant flowers" after="bamboo plant"/>
            <brush name="pearl flowers" after="bamboo plant"/>
            <brush name="jungle flowers" after="bamboo plant"/>
            <brush name="giant ball mushrooms" after="moldy mushrooms"/>
			<item id="4006" afteritem="4008"/>
        </doodad> 
    </tileset> 
</materialsextension>